"","category","participation.rate","meeting.bench.count","meeting.bench.rate","school_id","year"
"1","Female ","73.9 ","19 ","16.5","0026111","201314"
"2","Male ","53.2 ","20 ","14.4","0026111","201314"
"3","Black or African American ","68.0 ","* ","*","0026111","201314"
"4","Hispanic or Latino ","46.3 ","* ","*","0026111","201314"
"5","White ","68.7 ","29 ","22.1","0026111","201314"
"6","English Language Learners ","* ","0 ","*","0026111","201314"
"7","Eligible for Free or ","57.1 ","14 ","9.5","0026111","201314"
"8","Reduced-Price Meals","","","","0026111","201314"
"9","Students with Disabilities ","* ","0 ","*","0026111","201314"
"10","School ","62.6 ","39 ","15.4","0026111","201314"
"11","District ","61.9 ","","15.2","0026111","201314"
"12","Female ","65.6 ","27 ","22.1","0026111","201415"
"13","Male ","54.3 ","31 ","22.1","0026111","201415"
"14","Black or African American ","55.6 ","6 ","11.1","0026111","201415"
"15","Hispanic or Latino ","42.4 ","* ","*","0026111","201415"
"16","White ","66.2 ","43 ","30.3","0026111","201415"
"17","English Language Learners ","* ","0 ","*","0026111","201415"
"18","Eligible for Free or ","52.3 ","20 ","13.2","0026111","201415"
"19","Reduced-Price Meals","","","","0026111","201415"
"20","Students with Disabilities ","* ","0 ","*","0026111","201415"
"21","School ","59.5 ","58 ","22.1","0026111","201415"
"22","District ","56.8 ","","20.9","0026111","201415"
"23","Female ","93.8 ","36 ","27.9","0026111","201516"
"24","Male ","95.5 ","38 ","28.6","0026111","201516"
"25","Black or African American ","96.3 ","7 ","13.0","0026111","201516"
"26","Hispanic or Latino ","96.4 ","7 ","12.7","0026111","201516"
"27","White ","93.2 ","57 ","38.5","0026111","201516"
"28","English Language Learners ","* ","0 ","*","0026111","201516"
"29","Eligible for Free or ","94.2 ","20 ","14.5","0026111","201516"
"30","Reduced-Price Meals","","","","0026111","201516"
"31","Students with Disabilities ","* ","* ","*","0026111","201516"
"32","School ","94.7 ","74 ","28.2","0026111","201516"
"33","District ","94.2 ","","26.9","0026111","201516"
"34","Female ","94.5 ","220 ","75.3","0046111","201314"
"35","Male ","86.3 ","156 ","67.0","0046111","201314"
"36","Black or African American ","* ","* ","*","0046111","201314"
"37","Hispanic or Latino ","87.5 ","15 ","62.5","0046111","201314"
"38","White ","91.8 ","317 ","73.9","0046111","201314"
"39","English Language Learners ","* ","0 ","*","0046111","201314"
"40","Eligible for Free or ","72.2 ","13 ","36.1","0046111","201314"
"41","Reduced-Price Meals","","","","0046111","201314"
"42","Students with Disabilities ","* ","* ","*","0046111","201314"
"43","School ","90.9 ","376 ","71.6","0046111","201314"
"44","District ","89.5 ","","70.5","0046111","201314"
"45","Female ","92.8 ","182 ","72.8","0046111","201415"
"46","Male ","83.3 ","166 ","69.2","0046111","201415"
"47","Black or African American ","* ","* ","*","0046111","201415"
"48","Hispanic or Latino ","83.9 ","16 ","51.6","0046111","201415"
"49","White ","88.6 ","265 ","72.0","0046111","201415"
"50","English Language Learners ","* ","* ","*","0046111","201415"
"51","Eligible for Free or ","* ","6 ","*","0046111","201415"
"52","Reduced-Price Meals","","","","0046111","201415"
"53","Students with Disabilities ","* ","* ","*","0046111","201415"
"54","School ","88.2 ","348 ","71.0","0046111","201415"
"55","District ","87.1 ","","70.2","0046111","201415"
"56","Female ","98.4 ","186 ","75.3","0046111","201516"
"57","Male ","97.6 ","191 ","78.0","0046111","201516"
"58","Black or African American ","100.0 ","* ","*","0046111","201516"
"59","Hispanic or Latino ","97.1 ","19 ","55.9","0046111","201516"
"60","White ","97.8 ","293 ","79.0","0046111","201516"
"61","English Language Learners ","* ","0 ","*","0046111","201516"
"62","Eligible for Free or ","100.0 ","* ","*","0046111","201516"
"63","Reduced-Price Meals","","","","0046111","201516"
"64","Students with Disabilities ","* ","* ","*","0046111","201516"
"65","School ","98.0 ","377 ","76.6","0046111","201516"
"66","District ","97.2 ","","75.9","0046111","201516"
"67","Female ","86.8 ","125 ","59.0","0076111","201314"
"68","Male ","81.7 ","94 ","40.0","0076111","201314"
"69","Black or African American ","* ","0 ","*","0076111","201314"
"70","Hispanic or Latino ","60.0 ","* ","*","0076111","201314"
"71","White ","87.0 ","198 ","51.4","0076111","201314"
"72","English Language Learners ","* ","0 ","*","0076111","201314"
"73","Eligible for Free or ","50.9 ","7 ","12.7","0076111","201314"
"74","Reduced-Price Meals","","","","0076111","201314"
"75","Students with Disabilities ","* ","* ","*","0076111","201314"
"76","School ","84.1 ","219 ","49.0","0076111","201314"
"77","District ","83.6 ","","48.7","0076111","201314"
"78","Female ","84.5 ","111 ","52.1","0076111","201415"
"79","Male ","77.3 ","94 ","37.5","0076111","201415"
"80","Black or African American ","* ","0 ","*","0076111","201415"
"81","Hispanic or Latino ","35.3 ","* ","*","0076111","201415"
"82","White ","85.1 ","185 ","46.8","0076111","201415"
"83","English Language Learners ","* ","0 ","*","0076111","201415"
"84","Eligible for Free or ","44.1 ","8 ","11.8","0076111","201415"
"85","Reduced-Price Meals","","","","0076111","201415"
"86","Students with Disabilities ","* ","* ","*","0076111","201415"
"87","School ","80.6 ","205 ","44.2","0076111","201415"
"88","District ","79.7 ","","43.7","0076111","201415"
"89","Female ","98.3 ","126 ","54.1","0076111","201516"
"90","Male ","96.1 ","112 ","43.2","0076111","201516"
"91","Black or African American ","* ","0 ","*","0076111","201516"
"92","Hispanic or Latino ","87.1 ","* ","*","0076111","201516"
"93","White ","97.6 ","210 ","51.3","0076111","201516"
"94","English Language Learners ","* ","0 ","*","0076111","201516"
"95","Eligible for Free or ","93.5 ","12 ","19.4","0076111","201516"
"96","Reduced-Price Meals","","","","0076111","201516"
"97","Students with Disabilities ","* ","0 ","*","0076111","201516"
"98","School ","97.2 ","238 ","48.4","0076111","201516"
"99","District ","96.4 ","","47.8","0076111","201516"
"100","Female ","81.7 ","109 ","47.4","0096111","201314"
"101","Male ","72.5 ","101 ","42.8","0096111","201314"
"102","Black or African American ","* ","* ","*","0096111","201314"
"103","Hispanic or Latino ","60.3 ","13 ","22.4","0096111","201314"
"104","White ","79.8 ","177 ","49.6","0096111","201314"
"105","English Language Learners ","* ","0 ","*","0096111","201314"
"106","Eligible for Free or ","58.5 ","15 ","18.3","0096111","201314"
"107","Reduced-Price Meals","","","","0096111","201314"
"108","Students with Disabilities ","* ","* ","*","0096111","201314"
"109","School ","77.0 ","210 ","45.1","0096111","201314"
"110","District ","76.3 ","","44.7","0096111","201314"
"111","Female ","74.8 ","113 ","50.0","0096111","201415"
"112","Male ","63.3 ","103 ","41.5","0096111","201415"
"113","Black or African American ","* ","* ","*","0096111","201415"
"114","Hispanic or Latino ","50.8 ","23 ","35.4","0096111","201415"
"115","White ","71.9 ","173 ","48.2","0096111","201415"
"116","English Language Learners ","* ","0 ","*","0096111","201415"
"117","Eligible for Free or ","38.4 ","18 ","20.9","0096111","201415"
"118","Reduced-Price Meals","","","","0096111","201415"
"119","Students with Disabilities ","* ","* ","*","0096111","201415"
"120","School ","68.8 ","216 ","45.6","0096111","201415"
"121","District ","68.2 ","","45.2","0096111","201415"
"122","Female ","97.3 ","130 ","58.3","0096111","201516"
"123","Male ","95.4 ","119 ","50.2","0096111","201516"
"124","Black or African American ","* ","* ","*","0096111","201516"
"125","Hispanic or Latino ","98.4 ","30 ","47.6","0096111","201516"
"126","White ","95.6 ","190 ","55.9","0096111","201516"
"127","English Language Learners ","* ","0 ","*","0096111","201516"
"128","Eligible for Free or ","92.2 ","23 ","25.6","0096111","201516"
"129","Reduced-Price Meals","","","","0096111","201516"
"130","Students with Disabilities ","* ","* ","*","0096111","201516"
"131","School ","96.3 ","249 ","54.1","0096111","201516"
"132","District ","95.9 ","","53.9","0096111","201516"
"133","Female ","89.1 ","29 ","21.0","0116111","201314"
"134","Male ","84.5 ","9 ","7.0","0116111","201314"
"135","Black or African American ","88.0 ","35 ","14.5","0116111","201314"
"136","Hispanic or Latino ","* ","* ","*","0116111","201314"
"137","White ","* ","* ","*","0116111","201314"
"138","English Language Learners ","* ","0 ","*","0116111","201314"
"139","Eligible for Free or ","86.2 ","16 ","11.6","0116111","201314"
"140","Reduced-Price Meals","","","","0116111","201314"
"141","Students with Disabilities ","* ","0 ","*","0116111","201314"
"142","School ","86.9 ","38 ","14.2","0116111","201314"
"143","District ","70.8 ","","11.6","0116111","201314"
"144","Female ","89.2 ","30 ","27.0","0116111","201415"
"145","Male ","87.6 ","28 ","21.7","0116111","201415"
"146","Black or African American ","87.7 ","47 ","22.2","0116111","201415"
"147","Hispanic or Latino ","* ","* ","*","0116111","201415"
"148","White ","* ","6 ","*","0116111","201415"
"149","English Language Learners ","* ","0 ","*","0116111","201415"
"150","Eligible for Free or ","85.1 ","23 ","20.2","0116111","201415"
"151","Reduced-Price Meals","","","","0116111","201415"
"152","Students with Disabilities ","* ","0 ","*","0116111","201415"
"153","School ","88.3 ","58 ","24.2","0116111","201415"
"154","District ","69.5 ","","18.9","0116111","201415"
"155","Female ","93.6 ","29 ","23.2","0116111","201516"
"156","Male ","98.6 ","38 ","27.0","0116111","201516"
"157","Black or African American ","96.0 ","55 ","24.2","0116111","201516"
"158","Hispanic or Latino ","100.0 ","* ","*","0116111","201516"
"159","White ","* ","* ","*","0116111","201516"
"160","English Language Learners ","* ","0 ","*","0116111","201516"
"161","Eligible for Free or ","94.3 ","22 ","18.0","0116111","201516"
"162","Reduced-Price Meals","","","","0116111","201516"
"163","Students with Disabilities ","* ","0 ","*","0116111","201516"
"164","School ","96.2 ","67 ","25.2","0116111","201516"
"165","District ","95.4 ","","21.9","0116111","201516"
"166","Female ","* ","0 ","0.0","0116311","201314"
"167","Male ","* ","* ","*","0116311","201314"
"168","Black or African American ","* ","* ","*","0116311","201314"
"169","Hispanic or Latino ","* ","0 ","*","0116311","201314"
"170","White ","* ","0 ","*","0116311","201314"
"171","English Language Learners ","* ","0 ","*","0116311","201314"
"172","Eligible for Free or ","* ","0 ","0.0","0116311","201314"
"173","Reduced-Price Meals","","","","0116311","201314"
"174","Students with Disabilities ","* ","0 ","*","0116311","201314"
"175","School ","* ","* ","*","0116311","201314"
"176","District ","70.8 ","","11.6","0116311","201314"
"177","Female ","* ","* ","*","0116311","201415"
"178","Male ","0.0 ","* ","*","0116311","201415"
"179","Black or African American ","0.0 ","* ","*","0116311","201415"
"180","Hispanic or Latino ","* ","0 ","*","0116311","201415"
"181","White ","* ","* ","*","0116311","201415"
"182","English Language Learners ","* ","0 ","*","0116311","201415"
"183","Eligible for Free or ","* ","0 ","0.0","0116311","201415"
"184","Reduced-Price Meals","","","","0116311","201415"
"185","Students with Disabilities ","* ","0 ","*","0116311","201415"
"186","School ","* ","* ","*","0116311","201415"
"187","District ","69.5 ","","18.9","0116311","201415"
"188","Female ","100.0 ","* ","*","0116311","201516"
"189","Male ","96.2 ","* ","*","0116311","201516"
"190","Black or African American ","96.8 ","* ","*","0116311","201516"
"191","Hispanic or Latino ","* ","0 ","*","0116311","201516"
"192","White ","* ","* ","*","0116311","201516"
"193","English Language Learners ","N/A ","N/A ","N/A","0116311","201516"
"194","Eligible for Free or ","* ","* ","*","0116311","201516"
"195","Reduced-Price Meals","","","","0116311","201516"
"196","Students with Disabilities ","* ","0 ","*","0116311","201516"
"197","School ","98.1 ","* ","*","0116311","201516"
"198","District ","95.4 ","","21.9","0116311","201516"
"199","Female ","* ","0 ","*","0116411","201314"
"200","Male ","* ","0 ","*","0116411","201314"
"201","Black or African American ","* ","0 ","*","0116411","201314"
"202","Hispanic or Latino ","* ","0 ","*","0116411","201314"
"203","White ","N/A ","N/A ","N/A","0116411","201314"
"204","English Language Learners ","N/A ","N/A ","N/A","0116411","201314"
"205","Eligible for Free or ","* ","0 ","*","0116411","201314"
"206","Reduced-Price Meals","","","","0116411","201314"
"207","Students with Disabilities ","* ","0 ","*","0116411","201314"
"208","School ","* ","0 ","*","0116411","201314"
"209","District ","70.8 ","","11.6","0116411","201314"
"210","Female ","* ","0 ","*","0116411","201415"
"211","Male ","* ","0 ","*","0116411","201415"
"212","Black or African American ","* ","0 ","*","0116411","201415"
"213","Hispanic or Latino ","N/A ","N/A ","N/A","0116411","201415"
"214","White ","* ","0 ","*","0116411","201415"
"215","English Language Learners ","* ","0 ","*","0116411","201415"
"216","Eligible for Free or ","* ","0 ","*","0116411","201415"
"217","Reduced-Price Meals","","","","0116411","201415"
"218","Students with Disabilities ","* ","0 ","*","0116411","201415"
"219","School ","35.0 ","0 ","0.0","0116411","201415"
"220","District ","69.5 ","","18.9","0116411","201415"
"221","Female ","* ","0 ","*","0116411","201516"
"222","Male ","* ","0 ","*","0116411","201516"
"223","Black or African American ","* ","0 ","*","0116411","201516"
"224","Hispanic or Latino ","N/A ","N/A ","N/A","0116411","201516"
"225","White ","* ","0 ","*","0116411","201516"
"226","English Language Learners ","N/A ","N/A ","N/A","0116411","201516"
"227","Eligible for Free or ","* ","0 ","*","0116411","201516"
"228","Reduced-Price Meals","","","","0116411","201516"
"229","Students with Disabilities ","* ","0 ","*","0116411","201516"
"230","School ","* ","0 ","*","0116411","201516"
"231","District ","95.4 ","","21.9","0116411","201516"
"232","Female ","85.5 ","57 ","68.7","0126111","201314"
"233","Male ","76.3 ","47 ","50.5","0126111","201314"
"234","Black or African American ","* ","* ","*","0126111","201314"
"235","Hispanic or Latino ","* ","* ","*","0126111","201314"
"236","White ","84.8 ","94 ","62.3","0126111","201314"
"237","English Language Learners ","N/A ","N/A ","N/A","0126111","201314"
"238","Eligible for Free or ","* ","* ","*","0126111","201314"
"239","Reduced-Price Meals","","","","0126111","201314"
"240","Students with Disabilities ","* ","0 ","*","0126111","201314"
"241","School ","80.7 ","104 ","59.1","0126111","201314"
"242","District ","78.0 ","","57.1","0126111","201314"
"243","Female ","77.8 ","45 ","62.5","0126111","201415"
"244","Male ","61.3 ","38 ","40.9","0126111","201415"
"245","Black or African American ","* ","* ","*","0126111","201415"
"246","Hispanic or Latino ","* ","* ","*","0126111","201415"
"247","White ","71.7 ","76 ","52.4","0126111","201415"
"248","English Language Learners ","N/A ","N/A ","N/A","0126111","201415"
"249","Eligible for Free or ","38.5 ","6 ","23.1","0126111","201415"
"250","Reduced-Price Meals","","","","0126111","201415"
"251","Students with Disabilities ","* ","0 ","*","0126111","201415"
"252","School ","68.5 ","83 ","50.3","0126111","201415"
"253","District ","66.5 ","","48.8","0126111","201415"
"254","Female ","97.6 ","53 ","64.6","0126111","201516"
"255","Male ","95.7 ","32 ","45.7","0126111","201516"
"256","Black or African American ","* ","* ","*","0126111","201516"
"257","Hispanic or Latino ","* ","* ","*","0126111","201516"
"258","White ","97.1 ","83 ","60.6","0126111","201516"
"259","English Language Learners ","N/A ","N/A ","N/A","0126111","201516"
"260","Eligible for Free or ","* ","* ","*","0126111","201516"
"261","Reduced-Price Meals","","","","0126111","201516"
"262","Students with Disabilities ","* ","0 ","*","0126111","201516"
"263","School ","96.7 ","85 ","55.9","0126111","201516"
"264","District ","96.1 ","","54.8","0126111","201516"
"265","Female ","83.4 ","121 ","44.6","0146111","201314"
"266","Male ","71.3 ","96 ","37.2","0146111","201314"
"267","Black or African American ","68.2 ","* ","*","0146111","201314"
"268","Hispanic or Latino ","81.3 ","7 ","21.9","0146111","201314"
"269","White ","76.8 ","174 ","41.2","0146111","201314"
"270","English Language Learners ","* ","0 ","*","0146111","201314"
"271","Eligible for Free or ","57.0 ","17 ","21.5","0146111","201314"
"272","Reduced-Price Meals","","","","0146111","201314"
"273","Students with Disabilities ","* ","* ","*","0146111","201314"
"274","School ","77.5 ","217 ","41.0","0146111","201314"
"275","District ","75.9 ","","40.1","0146111","201314"
"276","Female ","80.1 ","116 ","49.2","0146111","201415"
"277","Male ","66.2 ","81 ","34.2","0146111","201415"
"278","Black or African American ","* ","* ","*","0146111","201415"
"279","Hispanic or Latino ","48.6 ","7 ","20.0","0146111","201415"
"280","White ","75.2 ","157 ","41.9","0146111","201415"
"281","English Language Learners ","* ","0 ","*","0146111","201415"
"282","Eligible for Free or ","55.4 ","20 ","24.1","0146111","201415"
"283","Reduced-Price Meals","","","","0146111","201415"
"284","Students with Disabilities ","* ","* ","*","0146111","201415"
"285","School ","73.2 ","197 ","41.6","0146111","201415"
"286","District ","68.6 ","","38.7","0146111","201415"
"287","Female ","98.6 ","99 ","44.8","0146111","201516"
"288","Male ","97.7 ","92 ","35.5","0146111","201516"
"289","Black or African American ","* ","* ","*","0146111","201516"
"290","Hispanic or Latino ","95.2 ","12 ","28.6","0146111","201516"
"291","White ","98.7 ","150 ","40.1","0146111","201516"
"292","English Language Learners ","* ","0 ","*","0146111","201516"
"293","Eligible for Free or ","95.2 ","23 ","22.1","0146111","201516"
"294","Reduced-Price Meals","","","","0146111","201516"
"295","Students with Disabilities ","* ","* ","*","0146111","201516"
"296","School ","98.1 ","191 ","39.8","0146111","201516"
"297","District ","96.7 ","","36.8","0146111","201516"
"298","Female ","N/A ","N/A ","N/A","0150611","201314"
"299","Male ","N/A ","N/A ","N/A","0150611","201314"
"300","Black or African American ","N/A ","N/A ","N/A","0150611","201314"
"301","Hispanic or Latino ","N/A ","N/A ","N/A","0150611","201314"
"302","White ","N/A ","N/A ","N/A","0150611","201314"
"303","English Language Learners ","N/A ","N/A ","N/A","0150611","201314"
"304","Eligible for Free or ","N/A ","N/A ","N/A","0150611","201314"
"305","Reduced-Price Meals","","","","0150611","201314"
"306","Students with Disabilities ","N/A ","N/A ","N/A","0150611","201314"
"307","School ","N/A ","N/A ","N/A","0150611","201314"
"308","District ","65.7 ","","9.3","0150611","201314"
"309","Female ","84.2 ","8 ","14.0","0150611","201415"
"310","Male ","* ","0 ","*","0150611","201415"
"311","Black or African American ","71.4 ","* ","*","0150611","201415"
"312","Hispanic or Latino ","75.9 ","* ","*","0150611","201415"
"313","White ","* ","* ","*","0150611","201415"
"314","English Language Learners ","* ","0 ","*","0150611","201415"
"315","Eligible for Free or ","74.7 ","8 ","10.7","0150611","201415"
"316","Reduced-Price Meals","","","","0150611","201415"
"317","Students with Disabilities ","* ","0 ","*","0150611","201415"
"318","School ","74.7 ","8 ","10.7","0150611","201415"
"319","District ","50.8 ","","9.0","0150611","201415"
"320","Female ","100.0 ","27 ","17.2","0150611","201516"
"321","Male ","98.2 ","7 ","12.7","0150611","201516"
"322","Black or African American ","98.7 ","11 ","13.9","0150611","201516"
"323","Hispanic or Latino ","100.0 ","13 ","16.0","0150611","201516"
"324","White ","100.0 ","* ","*","0150611","201516"
"325","English Language Learners ","* ","0 ","*","0150611","201516"
"326","Eligible for Free or ","99.5 ","34 ","16.0","0150611","201516"
"327","Reduced-Price Meals","","","","0150611","201516"
"328","Students with Disabilities ","* ","0 ","*","0150611","201516"
"329","School ","99.5 ","34 ","16.0","0150611","201516"
"330","District ","94.9 ","","11.9","0150611","201516"
"331","Female ","N/A ","N/A ","N/A","0150811","201314"
"332","Male ","N/A ","N/A ","N/A","0150811","201314"
"333","Black or African American ","N/A ","N/A ","N/A","0150811","201314"
"334","Hispanic or Latino ","N/A ","N/A ","N/A","0150811","201314"
"335","White ","N/A ","N/A ","N/A","0150811","201314"
"336","English Language Learners ","N/A ","N/A ","N/A","0150811","201314"
"337","Eligible for Free or ","N/A ","N/A ","N/A","0150811","201314"
"338","Reduced-Price Meals","","","","0150811","201314"
"339","Students with Disabilities ","N/A ","N/A ","N/A","0150811","201314"
"340","School ","N/A ","N/A ","N/A","0150811","201314"
"341","District ","65.7 ","","9.3","0150811","201314"
"342","Female ","0.0 ","* ","*","0150811","201415"
"343","Male ","* ","* ","*","0150811","201415"
"344","Black or African American ","* ","0 ","0.0","0150811","201415"
"345","Hispanic or Latino ","* ","* ","*","0150811","201415"
"346","White ","* ","7 ","31.8","0150811","201415"
"347","English Language Learners ","* ","0 ","*","0150811","201415"
"348","Eligible for Free or ","* ","9 ","14.3","0150811","201415"
"349","Reduced-Price Meals","","","","0150811","201415"
"350","Students with Disabilities ","* ","* ","*","0150811","201415"
"351","School ","* ","9 ","14.3","0150811","201415"
"352","District ","50.8 ","","9.0","0150811","201415"
"353","Female ","98.6 ","12 ","16.7","0150811","201516"
"354","Male ","100.0 ","28 ","23.1","0150811","201516"
"355","Black or African American ","98.7 ","8 ","10.4","0150811","201516"
"356","Hispanic or Latino ","100.0 ","8 ","14.0","0150811","201516"
"357","White ","100.0 ","18 ","39.1","0150811","201516"
"358","English Language Learners ","* ","0 ","*","0150811","201516"
"359","Eligible for Free or ","99.5 ","40 ","20.7","0150811","201516"
"360","Reduced-Price Meals","","","","0150811","201516"
"361","Students with Disabilities ","* ","* ","*","0150811","201516"
"362","School ","99.5 ","40 ","20.7","0150811","201516"
"363","District ","94.9 ","","11.9","0150811","201516"
"364","Female ","N/A ","N/A ","N/A","0151511","201314"
"365","Male ","N/A ","N/A ","N/A","0151511","201314"
"366","Black or African American ","N/A ","N/A ","N/A","0151511","201314"
"367","Hispanic or Latino ","N/A ","N/A ","N/A","0151511","201314"
"368","White ","N/A ","N/A ","N/A","0151511","201314"
"369","English Language Learners ","N/A ","N/A ","N/A","0151511","201314"
"370","Eligible for Free or ","N/A ","N/A ","N/A","0151511","201314"
"371","Reduced-Price Meals","","","","0151511","201314"
"372","Students with Disabilities ","N/A ","N/A ","N/A","0151511","201314"
"373","School ","N/A ","N/A ","N/A","0151511","201314"
"374","District ","65.7 ","","9.3","0151511","201314"
"375","Female ","64.0 ","* ","*","0151511","201415"
"376","Male ","44.4 ","* ","*","0151511","201415"
"377","Black or African American ","38.7 ","* ","*","0151511","201415"
"378","Hispanic or Latino ","* ","* ","*","0151511","201415"
"379","White ","50.0 ","* ","*","0151511","201415"
"380","English Language Learners ","* ","0 ","*","0151511","201415"
"381","Eligible for Free or ","51.4 ","9 ","12.9","0151511","201415"
"382","Reduced-Price Meals","","","","0151511","201415"
"383","Students with Disabilities ","* ","0 ","*","0151511","201415"
"384","School ","51.4 ","9 ","12.9","0151511","201415"
"385","District ","50.8 ","","9.0","0151511","201415"
"386","Female ","100.0 ","8 ","11.3","0151511","201516"
"387","Male ","100.0 ","32 ","23.7","0151511","201516"
"388","Black or African American ","100.0 ","* ","*","0151511","201516"
"389","Hispanic or Latino ","100.0 ","8 ","13.8","0151511","201516"
"390","White ","100.0 ","26 ","47.3","0151511","201516"
"391","English Language Learners ","* ","0 ","*","0151511","201516"
"392","Eligible for Free or ","100.0 ","40 ","19.4","0151511","201516"
"393","Reduced-Price Meals","","","","0151511","201516"
"394","Students with Disabilities ","* ","0 ","*","0151511","201516"
"395","School ","100.0 ","40 ","19.4","0151511","201516"
"396","District ","94.9 ","","11.9","0151511","201516"
"397","Female ","N/A ","N/A ","N/A","0151611","201314"
"398","Male ","N/A ","N/A ","N/A","0151611","201314"
"399","Black or African American ","N/A ","N/A ","N/A","0151611","201314"
"400","Hispanic or Latino ","N/A ","N/A ","N/A","0151611","201314"
"401","White ","N/A ","N/A ","N/A","0151611","201314"
"402","English Language Learners ","N/A ","N/A ","N/A","0151611","201314"
"403","Eligible for Free or ","N/A ","N/A ","N/A","0151611","201314"
"404","Reduced-Price Meals","","","","0151611","201314"
"405","Students with Disabilities ","N/A ","N/A ","N/A","0151611","201314"
"406","School ","N/A ","N/A ","N/A","0151611","201314"
"407","District ","65.7 ","","9.3","0151611","201314"
"408","Female ","N/A ","N/A ","N/A","0151611","201415"
"409","Male ","N/A ","N/A ","N/A","0151611","201415"
"410","Black or African American ","N/A ","N/A ","N/A","0151611","201415"
"411","Hispanic or Latino ","N/A ","N/A ","N/A","0151611","201415"
"412","White ","N/A ","N/A ","N/A","0151611","201415"
"413","English Language Learners ","N/A ","N/A ","N/A","0151611","201415"
"414","Eligible for Free or ","N/A ","N/A ","N/A","0151611","201415"
"415","Reduced-Price Meals","","","","0151611","201415"
"416","Students with Disabilities ","N/A ","N/A ","N/A","0151611","201415"
"417","School ","N/A ","N/A ","N/A","0151611","201415"
"418","District ","50.8 ","","9.0","0151611","201415"
"419","Female ","100.0 ","0 ","0.0","0151611","201516"
"420","Male ","100.0 ","* ","*","0151611","201516"
"421","Black or African American ","100.0 ","0 ","0.0","0151611","201516"
"422","Hispanic or Latino ","100.0 ","* ","*","0151611","201516"
"423","White ","* ","0 ","*","0151611","201516"
"424","English Language Learners ","* ","0 ","*","0151611","201516"
"425","Eligible for Free or ","100.0 ","* ","*","0151611","201516"
"426","Reduced-Price Meals","","","","0151611","201516"
"427","Students with Disabilities ","* ","0 ","*","0151611","201516"
"428","School ","100.0 ","* ","*","0151611","201516"
"429","District ","94.9 ","","11.9","0151611","201516"
"430","Female ","63.1 ","9 ","4.0","0156111","201314"
"431","Male ","51.2 ","9 ","3.5","0156111","201314"
"432","Black or African American ","52.7 ","* ","*","0156111","201314"
"433","Hispanic or Latino ","58.5 ","9 ","4.4","0156111","201314"
"434","White ","47.8 ","* ","*","0156111","201314"
"435","English Language Learners ","55.7 ","* ","*","0156111","201314"
"436","Eligible for Free or ","56.7 ","18 ","3.7","0156111","201314"
"437","Reduced-Price Meals","","","","0156111","201314"
"438","Students with Disabilities ","* ","* ","*","0156111","201314"
"439","School ","56.7 ","18 ","3.7","0156111","201314"
"440","District ","65.7 ","","9.3","0156111","201314"
"441","Female ","53.4 ","13 ","6.7","0156111","201415"
"442","Male ","46.3 ","12 ","5.2","0156111","201415"
"443","Black or African American ","49.7 ","* ","*","0156111","201415"
"444","Hispanic or Latino ","47.2 ","15 ","7.8","0156111","201415"
"445","White ","35.0 ","* ","*","0156111","201415"
"446","English Language Learners ","52.8 ","* ","*","0156111","201415"
"447","Eligible for Free or ","49.5 ","25 ","5.9","0156111","201415"
"448","Reduced-Price Meals","","","","0156111","201415"
"449","Students with Disabilities ","* ","* ","*","0156111","201415"
"450","School ","49.5 ","25 ","5.9","0156111","201415"
"451","District ","50.8 ","","9.0","0156111","201415"
"452","Female ","93.5","11 ","5.9","0156111","201516"
"453","Male ","93.8","10 ","4.8","0156111","201516"
"454","Black or African American ","93.3","* ","*","0156111","201516"
"455","Hispanic or Latino ","93.6","15 ","8.7","0156111","201516"
"456","White ","91.3","* ","*","0156111","201516"
"457","English Language Learners ","95.5","7 ","10.4","0156111","201516"
"458","Eligible for Free or ","93.6","21 ","5.3","0156111","201516"
"459","Reduced-Price Meals",NA,"","","0156111","201516"
"460","Students with Disabilities ","85","0 ","0.0","0156111","201516"
"461","School ","93.6","21 ","5.3","0156111","201516"
"462","District ","94.9","","11.9","0156111","201516"
"463","Female ","79.0 ","83 ","16.6","0156211","201314"
"464","Male ","66.4 ","49 ","11.1","0156211","201314"
"465","Black or African American ","75.1 ","43 ","10.6","0156211","201314"
"466","Hispanic or Latino ","70.9 ","59 ","15.4","0156211","201314"
"467","White ","70.9 ","20 ","18.2","0156211","201314"
"468","English Language Learners ","67.5 ","* ","*","0156211","201314"
"469","Eligible for Free or ","73.1 ","132 ","14.0","0156211","201314"
"470","Reduced-Price Meals","","","","0156211","201314"
"471","Students with Disabilities ","* ","0 ","*","0156211","201314"
"472","School ","73.1 ","132 ","14.0","0156211","201314"
"473","District ","65.7 ","","9.3","0156211","201314"
"474","Female ","67.0 ","64 ","13.8","0156211","201415"
"475","Male ","50.0 ","32 ","8.1","0156211","201415"
"476","Black or African American ","59.4 ","33 ","8.9","0156211","201415"
"477","Hispanic or Latino ","58.9 ","38 ","11.1","0156211","201415"
"478","White ","54.1 ","15 ","15.3","0156211","201415"
"479","English Language Learners ","47.6 ","* ","*","0156211","201415"
"480","Eligible for Free or ","59.2 ","96 ","11.2","0156211","201415"
"481","Reduced-Price Meals","","","","0156211","201415"
"482","Students with Disabilities ","* ","0 ","*","0156211","201415"
"483","School ","59.2 ","96 ","11.2","0156211","201415"
"484","District ","50.8 ","","9.0","0156211","201415"
"485","Female ","96.9 ","61 ","17.1","0156211","201516"
"486","Male ","94.7 ","34 ","10.6","0156211","201516"
"487","Black or African American ","97.0 ","32 ","10.6","0156211","201516"
"488","Hispanic or Latino ","95.6 ","38 ","15.1","0156211","201516"
"489","White ","92.8 ","13 ","15.7","0156211","201516"
"490","English Language Learners ","90.8 ","* ","*","0156211","201516"
"491","Eligible for Free or ","95.9 ","95 ","14.0","0156211","201516"
"492","Reduced-Price Meals","","","","0156211","201516"
"493","Students with Disabilities ","* ","* ","*","0156211","201516"
"494","School ","95.9 ","95 ","14.0","0156211","201516"
"495","District ","94.9 ","","11.9","0156211","201516"
"496","Female ","67.9 ","17 ","7.1","0156311","201314"
"497","Male ","69.2 ","11 ","5.6","0156311","201314"
"498","Black or African American ","76.0 ","* ","*","0156311","201314"
"499","Hispanic or Latino ","63.9 ","23 ","11.2","0156311","201314"
"500","White ","47.6 ","* ","*","0156311","201314"
"501","English Language Learners ","69.8 ","17 ","17.7","0156311","201314"
"502","Eligible for Free or ","68.5 ","28 ","6.4","0156311","201314"
"503","Reduced-Price Meals","","","","0156311","201314"
"504","Students with Disabilities ","* ","0 ","*","0156311","201314"
"505","School ","68.5 ","28 ","6.4","0156311","201314"
"506","District ","65.7 ","","9.3","0156311","201314"
"507","Female ","52.9 ","27 ","11.2","0156311","201415"
"508","Male ","40.5 ","10 ","4.1","0156311","201415"
"509","Black or African American ","50.8 ","* ","*","0156311","201415"
"510","Hispanic or Latino ","43.5 ","28 ","11.7","0156311","201415"
"511","White ","* ","* ","*","0156311","201415"
"512","English Language Learners ","57.4 ","28 ","24.3","0156311","201415"
"513","Eligible for Free or ","46.7 ","37 ","7.6","0156311","201415"
"514","Reduced-Price Meals","","","","0156311","201415"
"515","Students with Disabilities ","* ","0 ","*","0156311","201415"
"516","School ","46.7 ","37 ","7.6","0156311","201415"
"517","District ","50.8 ","","9.0","0156311","201415"
"518","Female ","96.3 ","27 ","11.3","0156311","201516"
"519","Male ","95.6 ","18 ","8.7","0156311","201516"
"520","Black or African American ","94.7 ","* ","*","0156311","201516"
"521","Hispanic or Latino ","96.4 ","32 ","14.3","0156311","201516"
"522","White ","97.9 ","* ","*","0156311","201516"
"523","English Language Learners ","98.2 ","21 ","18.9","0156311","201516"
"524","Eligible for Free or ","96.0 ","45 ","10.1","0156311","201516"
"525","Reduced-Price Meals","","","","0156311","201516"
"526","Students with Disabilities ","* ","0 ","*","0156311","201516"
"527","School ","96.0 ","45 ","10.1","0156311","201516"
"528","District ","94.9 ","","11.9","0156311","201516"
"529","Female ","71.1 ","111 ","38.7","0176111","201314"
"530","Male ","56.5 ","88 ","29.4","0176111","201314"
"531","Black or African American ","60.0 ","6 ","13.3","0176111","201314"
"532","Hispanic or Latino ","39.0 ","14 ","13.3","0176111","201314"
"533","White ","69.0 ","165 ","40.9","0176111","201314"
"534","English Language Learners ","27.3 ","0 ","0.0","0176111","201314"
"535","Eligible for Free or ","43.3 ","29 ","13.8","0176111","201314"
"536","Reduced-Price Meals","","","","0176111","201314"
"537","Students with Disabilities ","* ","* ","*","0176111","201314"
"538","School ","63.7 ","199 ","34.0","0176111","201314"
"539","District ","64.9 ","","33.4","0176111","201314"
"540","Female ","68.6 ","94 ","33.9","0176111","201415"
"541","Male ","50.7 ","79 ","28.8","0176111","201415"
"542","Black or African American ","51.1 ","8 ","17.0","0176111","201415"
"543","Hispanic or Latino ","38.2 ","14 ","13.7","0176111","201415"
"544","White ","66.5 ","141 ","38.1","0176111","201415"
"545","English Language Learners ","* ","0 ","*","0176111","201415"
"546","Eligible for Free or ","44.9 ","32 ","15.5","0176111","201415"
"547","Reduced-Price Meals","","","","0176111","201415"
"548","Students with Disabilities ","* ","* ","*","0176111","201415"
"549","School ","59.7 ","173 ","31.4","0176111","201415"
"550","District ","56.3 ","","29.1","0176111","201415"
"551","Female ","97.7 ","112 ","42.4","0176111","201516"
"552","Male ","96.8 ","100 ","35.8","0176111","201516"
"553","Black or African American ","97.3 ","9 ","24.3","0176111","201516"
"554","Hispanic or Latino ","98.9 ","17 ","18.1","0176111","201516"
"555","White ","96.8 ","174 ","45.9","0176111","201516"
"556","English Language Learners ","* ","0 ","*","0176111","201516"
"557","Eligible for Free or ","97.4 ","46 ","23.5","0176111","201516"
"558","Reduced-Price Meals","","","","0176111","201516"
"559","Students with Disabilities ","* ","* ","*","0176111","201516"
"560","School ","97.2 ","212 ","39.0","0176111","201516"
"561","District ","94.8 ","","33.6","0176111","201516"
"562","Female ","82.0 ","131 ","43.0","0176211","201314"
"563","Male ","59.0 ","87 ","27.6","0176211","201314"
"564","Black or African American ","62.2 ","* ","*","0176211","201314"
"565","Hispanic or Latino ","48.2 ","12 ","14.5","0176211","201314"
"566","White ","74.0 ","182 ","38.8","0176211","201314"
"567","English Language Learners ","* ","0 ","*","0176211","201314"
"568","Eligible for Free or ","58.1 ","34 ","19.8","0176211","201314"
"569","Reduced-Price Meals","","","","0176211","201314"
"570","Students with Disabilities ","* ","* ","*","0176211","201314"
"571","School ","70.3 ","218 ","35.2","0176211","201314"
"572","District ","64.9 ","","33.4","0176211","201314"
"573","Female ","69.9 ","99 ","34.3","0176211","201415"
"574","Male ","47.9 ","80 ","25.6","0176211","201415"
"575","Black or African American ","47.8 ","9 ","19.6","0176211","201415"
"576","Hispanic or Latino ","39.8 ","11 ","12.5","0176211","201415"
"577","White ","63.0 ","150 ","33.6","0176211","201415"
"578","English Language Learners ","* ","0 ","*","0176211","201415"
"579","Eligible for Free or ","42.9 ","28 ","15.4","0176211","201415"
"580","Reduced-Price Meals","","","","0176211","201415"
"581","Students with Disabilities ","* ","* ","*","0176211","201415"
"582","School ","58.5 ","179 ","29.7","0176211","201415"
"583","District ","56.3 ","","29.1","0176211","201415"
"584","Female ","98.3 ","105 ","35.1","0176211","201516"
"585","Male ","96.1 ","90 ","29.5","0176211","201516"
"586","Black or African American ","96.2 ","* ","*","0176211","201516"
"587","Hispanic or Latino ","95.2 ","17 ","20.2","0176211","201516"
"588","White ","97.5 ","159 ","36.1","0176211","201516"
"589","English Language Learners ","* ","0 ","*","0176211","201516"
"590","Eligible for Free or ","95.0 ","34 ","19.0","0176211","201516"
"591","Reduced-Price Meals","","","","0176211","201516"
"592","Students with Disabilities ","* ","* ","*","0176211","201516"
"593","School ","97.2 ","195 ","32.3","0176211","201516"
"594","District ","94.8 ","","33.6","0176211","201516"
"595","Female ","93.7 ","152 ","63.6","0186111","201314"
"596","Male ","87.3 ","141 ","63.8","0186111","201314"
"597","Black or African American ","* ","* ","*","0186111","201314"
"598","Hispanic or Latino ","* ","7 ","*","0186111","201314"
"599","White ","91.3 ","265 ","64.2","0186111","201314"
"600","English Language Learners ","N/A ","N/A ","N/A","0186111","201314"
"601","Eligible for Free or ","76.2 ","10 ","47.6","0186111","201314"
"602","Reduced-Price Meals","","","","0186111","201314"
"603","Students with Disabilities ","* ","* ","*","0186111","201314"
"604","School ","90.7 ","293 ","63.7","0186111","201314"
"605","District ","89.9 ","","63.1","0186111","201314"
"606","Female ","85.8 ","141 ","59.0","0186111","201415"
"607","Male ","84.6 ","129 ","62.0","0186111","201415"
"608","Black or African American ","* ","* ","*","0186111","201415"
"609","Hispanic or Latino ","65.2 ","* ","*","0186111","201415"
"610","White ","85.9 ","240 ","61.4","0186111","201415"
"611","English Language Learners ","* ","0 ","*","0186111","201415"
"612","Eligible for Free or ","67.7 ","11 ","35.5","0186111","201415"
"613","Reduced-Price Meals","","","","0186111","201415"
"614","Students with Disabilities ","* ","* ","*","0186111","201415"
"615","School ","85.2 ","270 ","60.4","0186111","201415"
"616","District ","83.9 ","","59.5","0186111","201415"
"617","Female ","99.5 ","124 ","57.7","0186111","201516"
"618","Male ","97.8 ","155 ","67.7","0186111","201516"
"619","Black or African American ","* ","* ","*","0186111","201516"
"620","Hispanic or Latino ","* ","7 ","*","0186111","201516"
"621","White ","99.0 ","245 ","63.5","0186111","201516"
"622","English Language Learners ","* ","0 ","*","0186111","201516"
"623","Eligible for Free or ","94.1 ","11 ","32.4","0186111","201516"
"624","Reduced-Price Meals","","","","0186111","201516"
"625","Students with Disabilities ","* ","* ","*","0186111","201516"
"626","School ","98.6 ","279 ","62.8","0186111","201516"
"627","District ","98.0 ","","62.3","0186111","201516"
"628","Female ","85.5 ","73 ","62.4","0236111","201314"
"629","Male ","82.9 ","85 ","58.2","0236111","201314"
"630","Black or African American ","* ","* ","*","0236111","201314"
"631","Hispanic or Latino ","* ","* ","*","0236111","201314"
"632","White ","84.5 ","151 ","61.6","0236111","201314"
"633","English Language Learners ","N/A ","N/A ","N/A","0236111","201314"
"634","Eligible for Free or ","* ","6 ","*","0236111","201314"
"635","Reduced-Price Meals","","","","0236111","201314"
"636","Students with Disabilities ","* ","* ","*","0236111","201314"
"637","School ","84.0 ","158 ","60.1","0236111","201314"
"638","District ","82.8 ","","59.2","0236111","201314"
"639","Female ","83.2 ","61 ","64.2","0236111","201415"
"640","Male ","75.6 ","80 ","63.0","0236111","201415"
"641","Black or African American ","* ","0 ","*","0236111","201415"
"642","Hispanic or Latino ","* ","* ","*","0236111","201415"
"643","White ","81.5 ","132 ","66.0","0236111","201415"
"644","English Language Learners ","N/A ","N/A ","N/A","0236111","201415"
"645","Eligible for Free or ","* ","* ","*","0236111","201415"
"646","Reduced-Price Meals","","","","0236111","201415"
"647","Students with Disabilities ","* ","* ","*","0236111","201415"
"648","School ","78.8 ","141 ","63.5","0236111","201415"
"649","District ","76.4 ","","61.6","0236111","201415"
"650","Female ","98.1 ","73 ","68.9","0236111","201516"
"651","Male ","98.2 ","77 ","68.1","0236111","201516"
"652","Black or African American ","* ","* ","*","0236111","201516"
"653","Hispanic or Latino ","* ","11 ","*","0236111","201516"
"654","White ","99.4 ","131 ","72.4","0236111","201516"
"655","English Language Learners ","* ","0 ","*","0236111","201516"
"656","Eligible for Free or ","93.8 ","11 ","34.4","0236111","201516"
"657","Reduced-Price Meals","","","","0236111","201516"
"658","Students with Disabilities ","* ","* ","*","0236111","201516"
"659","School ","98.2 ","150 ","68.5","0236111","201516"
"660","District ","97.8 ","","67.0","0236111","201516"
"661","Female ","91.8 ","243 ","64.1","0256111","201314"
"662","Male ","87.2 ","215 ","56.1","0256111","201314"
"663","Black or African American ","* ","* ","*","0256111","201314"
"664","Hispanic or Latino ","69.6 ","* ","*","0256111","201314"
"665","White ","89.7 ","395 ","59.9","0256111","201314"
"666","English Language Learners ","* ","0 ","*","0256111","201314"
"667","Eligible for Free or ","77.1 ","* ","*","0256111","201314"
"668","Reduced-Price Meals","","","","0256111","201314"
"669","Students with Disabilities ","37.5 ","* ","*","0256111","201314"
"670","School ","89.5 ","458 ","60.1","0256111","201314"
"671","District ","86.4 ","","57.6","0256111","201314"
"672","Female ","91.0 ","227 ","63.8","0256111","201415"
"673","Male ","80.9 ","224 ","55.6","0256111","201415"
"674","Black or African American ","66.7 ","* ","*","0256111","201415"
"675","Hispanic or Latino ","* ","* ","*","0256111","201415"
"676","White ","87.2 ","401 ","61.2","0256111","201415"
"677","English Language Learners ","* ","* ","*","0256111","201415"
"678","Eligible for Free or ","61.8 ","12 ","21.8","0256111","201415"
"679","Reduced-Price Meals","","","","0256111","201415"
"680","Students with Disabilities ","40.0 ","* ","*","0256111","201415"
"681","School ","85.6 ","451 ","59.4","0256111","201415"
"682","District ","82.6 ","","57.1","0256111","201415"
"683","Female ","99.1 ","248 ","72.3","0256111","201516"
"684","Male ","97.8 ","246 ","59.4","0256111","201516"
"685","Black or African American ","95.0 ","* ","*","0256111","201516"
"686","Hispanic or Latino ","95.2 ","9 ","42.9","0256111","201516"
"687","White ","98.5 ","423 ","65.5","0256111","201516"
"688","English Language Learners ","* ","0 ","*","0256111","201516"
"689","Eligible for Free or ","92.6 ","18 ","33.3","0256111","201516"
"690","Reduced-Price Meals","","","","0256111","201516"
"691","Students with Disabilities ","100.0 ","6 ","20.7","0256111","201516"
"692","School ","98.4 ","494 ","65.3","0256111","201516"
"693","District ","96.5 ","","62.3","0256111","201516"
"694","Female ","83.8 ","59 ","45.4","0276111","201314"
"695","Male ","77.8 ","62 ","43.1","0276111","201314"
"696","Black or African American ","* ","0 ","*","0276111","201314"
"697","Hispanic or Latino ","* ","8 ","*","0276111","201314"
"698","White ","80.5 ","106 ","44.0","0276111","201314"
"699","English Language Learners ","* ","0 ","*","0276111","201314"
"700","Eligible for Free or ","54.8 ","14 ","33.3","0276111","201314"
"701","Reduced-Price Meals","","","","0276111","201314"
"702","Students with Disabilities ","* ","* ","*","0276111","201314"
"703","School ","80.7 ","121 ","44.2","0276111","201314"
"704","District ","79.9 ","","43.5","0276111","201314"
"705","Female ","87.6 ","61 ","47.3","0276111","201415"
"706","Male ","67.4 ","49 ","34.0","0276111","201415"
"707","Black or African American ","* ","0 ","*","0276111","201415"
"708","Hispanic or Latino ","* ","* ","*","0276111","201415"
"709","White ","78.4 ","98 ","40.7","0276111","201415"
"710","English Language Learners ","* ","0 ","*","0276111","201415"
"711","Eligible for Free or ","46.8 ","9 ","19.1","0276111","201415"
"712","Reduced-Price Meals","","","","0276111","201415"
"713","Students with Disabilities ","* ","0 ","*","0276111","201415"
"714","School ","76.9 ","110 ","40.3","0276111","201415"
"715","District ","75.8 ","","39.7","0276111","201415"
"716","Female ","99.3 ","63 ","45.0","0276111","201516"
"717","Male ","96.6 ","39 ","32.8","0276111","201516"
"718","Black or African American ","* ","0 ","*","0276111","201516"
"719","Hispanic or Latino ","96.3 ","* ","*","0276111","201516"
"720","White ","98.1 ","93 ","43.3","0276111","201516"
"721","English Language Learners ","* ","0 ","*","0276111","201516"
"722","Eligible for Free or ","95.1 ","8 ","19.5","0276111","201516"
"723","Reduced-Price Meals","","","","0276111","201516"
"724","Students with Disabilities ","* ","* ","*","0276111","201516"
"725","School ","98.1 ","102 ","39.4","0276111","201516"
"726","District ","98.1 ","","39.2","0276111","201516"
"727","Female ","83.8 ","138 ","51.9","0286111","201314"
"728","Male ","67.3 ","80 ","36.4","0286111","201314"
"729","Black or African American ","* ","* ","*","0286111","201314"
"730","Hispanic or Latino ","68.8 ","10 ","31.3","0286111","201314"
"731","White ","76.2 ","195 ","46.4","0286111","201314"
"732","English Language Learners ","* ","0 ","*","0286111","201314"
"733","Eligible for Free or ","52.7 ","11 ","20.0","0286111","201314"
"734","Reduced-Price Meals","","","","0286111","201314"
"735","Students with Disabilities ","* ","* ","*","0286111","201314"
"736","School ","76.3 ","218 ","44.9","0286111","201314"
"737","District ","75.6 ","","44.4","0286111","201314"
"738","Female ","78.9 ","112 ","48.3","0286111","201415"
"739","Male ","67.0 ","80 ","40.6","0286111","201415"
"740","Black or African American ","* ","* ","*","0286111","201415"
"741","Hispanic or Latino ","60.7 ","8 ","28.6","0286111","201415"
"742","White ","73.6 ","175 ","46.7","0286111","201415"
"743","English Language Learners ","* ","0 ","*","0286111","201415"
"744","Eligible for Free or ","48.2 ","14 ","25.0","0286111","201415"
"745","Reduced-Price Meals","","","","0286111","201415"
"746","Students with Disabilities ","* ","* ","*","0286111","201415"
"747","School ","73.4 ","192 ","44.8","0286111","201415"
"748","District ","70.4 ","","42.8","0286111","201415"
"749","Female ","96.0 ","110 ","49.3","0286111","201516"
"750","Male ","97.3 ","87 ","46.3","0286111","201516"
"751","Black or African American ","* ","* ","*","0286111","201516"
"752","Hispanic or Latino ","95.5 ","6 ","27.3","0286111","201516"
"753","White ","96.4 ","182 ","50.3","0286111","201516"
"754","English Language Learners ","* ","0 ","*","0286111","201516"
"755","Eligible for Free or ","95.3 ","13 ","20.3","0286111","201516"
"756","Reduced-Price Meals","","","","0286111","201516"
"757","Students with Disabilities ","* ","0 ","*","0286111","201516"
"758","School ","96.6 ","197 ","47.9","0286111","201516"
"759","District ","94.8 ","","46.1","0286111","201516"
"760","Female ","77.8 ","58 ","43.0","0326111","201314"
"761","Male ","64.2 ","45 ","36.6","0326111","201314"
"762","Black or African American ","* ","0 ","*","0326111","201314"
"763","Hispanic or Latino ","* ","* ","*","0326111","201314"
"764","White ","71.8 ","93 ","39.7","0326111","201314"
"765","English Language Learners ","N/A ","N/A ","N/A","0326111","201314"
"766","Eligible for Free or ","42.2 ","7 ","15.6","0326111","201314"
"767","Reduced-Price Meals","","","","0326111","201314"
"768","Students with Disabilities ","* ","0 ","*","0326111","201314"
"769","School ","71.3 ","103 ","39.9","0326111","201314"
"770","District ","70.2 ","","39.3","0326111","201314"
"771","Female ","82.8 ","53 ","45.7","0326111","201415"
"772","Male ","58.5 ","38 ","30.9","0326111","201415"
"773","Black or African American ","* ","0 ","*","0326111","201415"
"774","Hispanic or Latino ","* ","* ","*","0326111","201415"
"775","White ","71.1 ","81 ","37.2","0326111","201415"
"776","English Language Learners ","N/A ","N/A ","N/A","0326111","201415"
"777","Eligible for Free or ","47.8 ","10 ","21.7","0326111","201415"
"778","Reduced-Price Meals","","","","0326111","201415"
"779","Students with Disabilities ","* ","* ","*","0326111","201415"
"780","School ","70.3 ","91 ","38.1","0326111","201415"
"781","District ","67.2 ","","36.0","0326111","201415"
"782","Female ","98.5 ","69 ","53.1","0326111","201516"
"783","Male ","95.9 ","46 ","38.0","0326111","201516"
"784","Black or African American ","* ","* ","*","0326111","201516"
"785","Hispanic or Latino ","* ","* ","*","0326111","201516"
"786","White ","97.3 ","104 ","46.0","0326111","201516"
"787","English Language Learners ","N/A ","N/A ","N/A","0326111","201516"
"788","Eligible for Free or ","89.4 ","12 ","25.5","0326111","201516"
"789","Reduced-Price Meals","","","","0326111","201516"
"790","Students with Disabilities ","* ","* ","*","0326111","201516"
"791","School ","97.2 ","115 ","45.8","0326111","201516"
"792","District ","96.2 ","","43.7","0326111","201516"
"793","Female ","79.3 ","51 ","37.8","0336111","201314"
"794","Male ","74.4 ","54 ","43.2","0336111","201314"
"795","Black or African American ","68.2 ","* ","*","0336111","201314"
"796","Hispanic or Latino ","* ","* ","*","0336111","201314"
"797","White ","78.6 ","90 ","43.7","0336111","201314"
"798","English Language Learners ","* ","0 ","*","0336111","201314"
"799","Eligible for Free or ","51.4 ","6 ","17.1","0336111","201314"
"800","Reduced-Price Meals","","","","0336111","201314"
"801","Students with Disabilities ","* ","0 ","*","0336111","201314"
"802","School ","76.9 ","105 ","40.4","0336111","201314"
"803","District ","73.4 ","","38.3","0336111","201314"
"804","Female ","80.3 ","61 ","48.0","0336111","201415"
"805","Male ","69.8 ","67 ","48.2","0336111","201415"
"806","Black or African American ","70.0 ","* ","*","0336111","201415"
"807","Hispanic or Latino ","* ","* ","*","0336111","201415"
"808","White ","75.2 ","111 ","52.9","0336111","201415"
"809","English Language Learners ","* ","* ","*","0336111","201415"
"810","Eligible for Free or ","50.0 ","* ","*","0336111","201415"
"811","Reduced-Price Meals","","","","0336111","201415"
"812","Students with Disabilities ","* ","* ","*","0336111","201415"
"813","School ","74.8 ","128 ","48.1","0336111","201415"
"814","District ","73.0 ","","47.1","0336111","201415"
"815","Female ","99.3 ","83 ","61.5","0336111","201516"
"816","Male ","99.3 ","74 ","49.0","0336111","201516"
"817","Black or African American ","100.0 ","* ","*","0336111","201516"
"818","Hispanic or Latino ","100.0 ","* ","*","0336111","201516"
"819","White ","99.1 ","133 ","59.6","0336111","201516"
"820","English Language Learners ","* ","0 ","*","0336111","201516"
"821","Eligible for Free or ","98.2 ","18 ","32.7","0336111","201516"
"822","Reduced-Price Meals","","","","0336111","201516"
"823","Students with Disabilities ","* ","* ","*","0336111","201516"
"824","School ","99.3 ","157 ","54.9","0336111","201516"
"825","District ","97.3 ","","53.4","0336111","201516"
