"","category","total","percent_school","percent_district","school_id","year"
"3","Asian ","0 ","0.0 ","0.0","0010111","201314"
"4","Black or African American ","0 ","0.0 ","0.0","0010111","201314"
"6","Hispanic ","0 ","0.0 ","0.0","0010111","201314"
"7","Native American ","0 ","0.0 ","0.0","0010111","201314"
"8","White ","33 ","100.0 ","100.0","0010111","201314"
"31","American Indian or Alaska ","0 ","0.0 ","0.0","0010111","201415"
"5","Asian ","0 ","0.0 ","0.0","0010111","201415"
"61","Black or African American American ","0 ","0.0 ","0.0","0010111","201415"
"71","Hispanic or Latino ","0 ","0.0 ","0.0","0010111","201415"
"81","Pacific Islander ","0 ","0.0 ","0.0","0010111","201415"
"9","Two or More Races ","0 ","0.0 ","0.0","0010111","201415"
"10","White ","28 ","100.0 ","100.0","0010111","201415"
"32","American Indian or Alaska ","0 ","0.0 ","0.0","0010111","201516"
"51","Asian ","0 ","0.0 ","0.0","0010111","201516"
"62","Black or African American American ","0 ","0.0 ","0.0","0010111","201516"
"72","Hispanic or Latino ","0 ","0.0 ","0.0","0010111","201516"
"82","Pacific Islander ","0 ","0.0 ","0.0","0010111","201516"
"91","Two or More Races ","0 ","0.0 ","0.0","0010111","201516"
"101","White ","29 ","100.0 ","100.0","0010111","201516"
"33","Asian ","1 ","2.0 ","0.5","0020311","201314"
"41","Black or African American ","2 ","4.0 ","1.5","0020311","201314"
"63","Hispanic ","0 ","0.0 ","2.5","0020311","201314"
"73","Native American ","0 ","0.0 ","0.0","0020311","201314"
"83","White ","47 ","94.0 ","95.6","0020311","201314"
"34","American Indian or Alaska ","0 ","0.0 ","0.0","0020311","201415"
"52","Asian ","1 ","2.2 ","1.0","0020311","201415"
"64","Black or African American American ","0 ","0.0 ","2.0","0020311","201415"
"74","Hispanic or Latino ","0 ","0.0 ","2.0","0020311","201415"
"84","Pacific Islander ","0 ","0.0 ","0.0","0020311","201415"
"92","Two or More Races ","0 ","0.0 ","0.0","0020311","201415"
"102","White ","45 ","97.8 ","95.1","0020311","201415"
"35","American Indian or Alaska ","0 ","0.0 ","0.0","0020311","201516"
"53","Asian ","0 ","0.0 ","1.0","0020311","201516"
"65","Black or African American American ","0 ","0.0 ","1.5","0020311","201516"
"75","Hispanic or Latino ","0 ","0.0 ","1.9","0020311","201516"
"85","Pacific Islander ","0 ","0.0 ","0.0","0020311","201516"
"93","Two or More Races ","0 ","0.0 ","0.0","0020311","201516"
"103","White ","49 ","100.0 ","95.6","0020311","201516"
"36","Asian ","0 ","0.0 ","0.5","0020811","201314"
"42","Black or African American ","1 ","1.9 ","1.5","0020811","201314"
"66","Hispanic ","0 ","0.0 ","2.5","0020811","201314"
"76","Native American ","0 ","0.0 ","0.0","0020811","201314"
"86","White ","53 ","98.1 ","95.6","0020811","201314"
"37","American Indian or Alaska ","0 ","0.0 ","0.0","0020811","201415"
"54","Asian ","0 ","0.0 ","1.0","0020811","201415"
"67","Black or African American American ","2 ","3.7 ","2.0","0020811","201415"
"77","Hispanic or Latino ","0 ","0.0 ","2.0","0020811","201415"
"87","Pacific Islander ","0 ","0.0 ","0.0","0020811","201415"
"94","Two or More Races ","0 ","0.0 ","0.0","0020811","201415"
"104","White ","52 ","96.3 ","95.1","0020811","201415"
"38","American Indian or Alaska ","0 ","0.0 ","0.0","0020811","201516"
"55","Asian ","0 ","0.0 ","1.0","0020811","201516"
"68","Black or African American American ","1 ","1.9 ","1.5","0020811","201516"
"78","Hispanic or Latino ","0 ","0.0 ","1.9","0020811","201516"
"88","Pacific Islander ","0 ","0.0 ","0.0","0020811","201516"
"95","Two or More Races ","0 ","0.0 ","0.0","0020811","201516"
"105","White ","51 ","98.1 ","95.6","0020811","201516"
"39","Asian ","0 ","0.0 ","0.5","0025111","201314"
"43","Black or African American ","0 ","0.0 ","1.5","0025111","201314"
"69","Hispanic ","3 ","7.9 ","2.5","0025111","201314"
"79","Native American ","0 ","0.0 ","0.0","0025111","201314"
"89","White ","35 ","92.1 ","95.6","0025111","201314"
"310","American Indian or Alaska ","0 ","0.0 ","0.0","0025111","201415"
"56","Asian ","0 ","0.0 ","1.0","0025111","201415"
"610","Black or African American American ","2 ","5.1 ","2.0","0025111","201415"
"710","Hispanic or Latino ","3 ","7.7 ","2.0","0025111","201415"
"810","Pacific Islander ","0 ","0.0 ","0.0","0025111","201415"
"96","Two or More Races ","0 ","0.0 ","0.0","0025111","201415"
"106","White ","34 ","87.2 ","95.1","0025111","201415"
"311","American Indian or Alaska ","0 ","0.0 ","0.0","0025111","201516"
"57","Asian ","0 ","0.0 ","1.0","0025111","201516"
"611","Black or African American American ","2 ","5.0 ","1.5","0025111","201516"
"711","Hispanic or Latino ","3 ","7.5 ","1.9","0025111","201516"
"811","Pacific Islander ","0 ","0.0 ","0.0","0025111","201516"
"97","Two or More Races ","0 ","0.0 ","0.0","0025111","201516"
"107","White ","35 ","87.5 ","95.6","0025111","201516"
"312","Asian ","0 ","0.0 ","0.5","0026111","201314"
"44","Black or African American ","0 ","0.0 ","1.5","0026111","201314"
"612","Hispanic ","2 ","3.2 ","2.5","0026111","201314"
"712","Native American ","0 ","0.0 ","0.0","0026111","201314"
"812","White ","60 ","96.8 ","95.6","0026111","201314"
"313","American Indian or Alaska ","0 ","0.0 ","0.0","0026111","201415"
"58","Asian ","1 ","1.7 ","1.0","0026111","201415"
"613","Black or African American American ","0 ","0.0 ","2.0","0026111","201415"
"713","Hispanic or Latino ","1 ","1.7 ","2.0","0026111","201415"
"813","Pacific Islander ","0 ","0.0 ","0.0","0026111","201415"
"98","Two or More Races ","0 ","0.0 ","0.0","0026111","201415"
"108","White ","58 ","96.7 ","95.1","0026111","201415"
"314","American Indian or Alaska ","0 ","0.0 ","0.0","0026111","201516"
"59","Asian ","2 ","3.5 ","1.0","0026111","201516"
"614","Black or African American American ","0 ","0.0 ","1.5","0026111","201516"
"714","Hispanic or Latino ","1 ","1.8 ","1.9","0026111","201516"
"814","Pacific Islander ","0 ","0.0 ","0.0","0026111","201516"
"99","Two or More Races ","0 ","0.0 ","0.0","0026111","201516"
"109","White ","54 ","94.7 ","95.6","0026111","201516"
"315","Asian ","0 ","0.0 ","0.0","0030111","201314"
"45","Black or African American ","0 ","0.0 ","0.0","0030111","201314"
"615","Hispanic ","0 ","0.0 ","0.0","0030111","201314"
"715","Native American ","0 ","0.0 ","0.0","0030111","201314"
"815","White ","49 ","100.0 ","100.0","0030111","201314"
"316","American Indian or Alaska ","0 ","0.0 ","0.0","0030111","201415"
"510","Asian ","0 ","0.0 ","0.0","0030111","201415"
"616","Black or African American American ","0 ","0.0 ","0.0","0030111","201415"
"716","Hispanic or Latino ","0 ","0.0 ","0.0","0030111","201415"
"816","Pacific Islander ","0 ","0.0 ","0.0","0030111","201415"
"910","Two or More Races ","0 ","0.0 ","0.0","0030111","201415"
"1010","White ","48 ","100.0 ","100.0","0030111","201415"
"317","American Indian or Alaska ","0 ","0.0 ","0.0","0030111","201516"
"511","Asian ","0 ","0.0 ","0.0","0030111","201516"
"617","Black or African American American ","0 ","0.0 ","0.0","0030111","201516"
"717","Hispanic or Latino ","0 ","0.0 ","0.0","0030111","201516"
"817","Pacific Islander ","0 ","0.0 ","0.0","0030111","201516"
"911","Two or More Races ","0 ","0.0 ","0.0","0030111","201516"
"1011","White ","44 ","100.0 ","100.0","0030111","201516"
"318","Asian ","0 ","0.0 ","0.3","0040311","201314"
"46","Black or African American ","0 ","0.0 ","0.7","0040311","201314"
"618","Hispanic ","1 ","2.1 ","2.0","0040311","201314"
"718","Native American ","0 ","0.0 ","0.0","0040311","201314"
"818","White ","47 ","97.9 ","97.0","0040311","201314"
"319","American Indian or Alaska ","0 ","0.0 ","0.0","0040311","201415"
"512","Asian ","1 ","2.2 ","1.0","0040311","201415"
"619","Black or African American American ","0 ","0.0 ","0.7","0040311","201415"
"719","Hispanic or Latino ","0 ","0.0 ","1.0","0040311","201415"
"819","Pacific Islander ","0 ","0.0 ","0.0","0040311","201415"
"912","Two or More Races ","0 ","0.0 ","0.0","0040311","201415"
"1012","White ","45 ","97.8 ","97.3","0040311","201415"
"320","American Indian or Alaska ","0 ","0.0 ","0.0","0040311","201516"
"513","Asian ","1 ","2.2 ","1.4","0040311","201516"
"620","Black or African American American ","0 ","0.0 ","0.7","0040311","201516"
"720","Hispanic or Latino ","0 ","0.0 ","0.3","0040311","201516"
"820","Pacific Islander ","1 ","2.2 ","0.3","0040311","201516"
"913","Two or More Races ","0 ","0.0 ","0.0","0040311","201516"
"1013","White ","44 ","95.7 ","97.3","0040311","201516"
"321","Asian ","0 ","0.0 ","0.3","0040411","201314"
"47","Black or African American ","0 ","0.0 ","0.7","0040411","201314"
"621","Hispanic ","2 ","3.7 ","2.0","0040411","201314"
"721","Native American ","0 ","0.0 ","0.0","0040411","201314"
"821","White ","52 ","96.3 ","97.0","0040411","201314"
"322","American Indian or Alaska ","0 ","0.0 ","0.0","0040411","201415"
"514","Asian ","1 ","2.2 ","1.0","0040411","201415"
"622","Black or African American American ","0 ","0.0 ","0.7","0040411","201415"
"722","Hispanic or Latino ","1 ","2.2 ","1.0","0040411","201415"
"822","Pacific Islander ","0 ","0.0 ","0.0","0040411","201415"
"914","Two or More Races ","0 ","0.0 ","0.0","0040411","201415"
"1014","White ","43 ","95.6 ","97.3","0040411","201415"
"323","American Indian or Alaska ","0 ","0.0 ","0.0","0040411","201516"
"515","Asian ","1 ","2.1 ","1.4","0040411","201516"
"623","Black or African American American ","0 ","0.0 ","0.7","0040411","201516"
"723","Hispanic or Latino ","0 ","0.0 ","0.3","0040411","201516"
"823","Pacific Islander ","1 ","2.1 ","0.3","0040411","201516"
"915","Two or More Races ","0 ","0.0 ","0.0","0040411","201516"
"1015","White ","45 ","95.7 ","97.3","0040411","201516"
"324","Asian ","0 ","0.0 ","0.3","0040511","201314"
"48","Black or African American ","1 ","1.9 ","0.7","0040511","201314"
"624","Hispanic ","2 ","3.8 ","2.0","0040511","201314"
"724","Native American ","0 ","0.0 ","0.0","0040511","201314"
"824","White ","50 ","94.3 ","97.0","0040511","201314"
"325","American Indian or Alaska ","0 ","0.0 ","0.0","0040511","201415"
"516","Asian ","0 ","0.0 ","1.0","0040511","201415"
"625","Black or African American American ","0 ","0.0 ","0.7","0040511","201415"
"725","Hispanic or Latino ","1 ","2.2 ","1.0","0040511","201415"
"825","Pacific Islander ","0 ","0.0 ","0.0","0040511","201415"
"916","Two or More Races ","0 ","0.0 ","0.0","0040511","201415"
"1016","White ","44 ","97.8 ","97.3","0040511","201415"
"326","American Indian or Alaska ","0 ","0.0 ","0.0","0040511","201516"
"517","Asian ","0 ","0.0 ","1.4","0040511","201516"
"626","Black or African American American ","0 ","0.0 ","0.7","0040511","201516"
"726","Hispanic or Latino ","1 ","2.2 ","0.3","0040511","201516"
"826","Pacific Islander ","0 ","0.0 ","0.3","0040511","201516"
"917","Two or More Races ","0 ","0.0 ","0.0","0040511","201516"
"1017","White ","44 ","97.8 ","97.3","0040511","201516"
"327","Asian ","0 ","0.0 ","0.3","0045111","201314"
"49","Black or African American ","1 ","1.8 ","0.7","0045111","201314"
"627","Hispanic ","0 ","0.0 ","2.0","0045111","201314"
"727","Native American ","0 ","0.0 ","0.0","0045111","201314"
"827","White ","56 ","98.2 ","97.0","0045111","201314"
"328","American Indian or Alaska ","0 ","0.0 ","0.0","0045111","201415"
"518","Asian ","0 ","0.0 ","1.0","0045111","201415"
"628","Black or African American American ","1 ","2.0 ","0.7","0045111","201415"
"728","Hispanic or Latino ","0 ","0.0 ","1.0","0045111","201415"
"828","Pacific Islander ","0 ","0.0 ","0.0","0045111","201415"
"918","Two or More Races ","0 ","0.0 ","0.0","0045111","201415"
"1018","White ","50 ","98.0 ","97.3","0045111","201415"
"329","American Indian or Alaska ","0 ","0.0 ","0.0","0045111","201516"
"519","Asian ","1 ","1.9 ","1.4","0045111","201516"
"629","Black or African American American ","1 ","1.9 ","0.7","0045111","201516"
"729","Hispanic or Latino ","0 ","0.0 ","0.3","0045111","201516"
"829","Pacific Islander ","0 ","0.0 ","0.3","0045111","201516"
"919","Two or More Races ","0 ","0.0 ","0.0","0045111","201516"
"1019","White ","52 ","96.3 ","97.3","0045111","201516"
"330","Asian ","1 ","1.0 ","0.3","0046111","201314"
"410","Black or African American ","1 ","1.0 ","0.7","0046111","201314"
"630","Hispanic ","1 ","1.0 ","2.0","0046111","201314"
"730","Native American ","0 ","0.0 ","0.0","0046111","201314"
"830","White ","100 ","97.1 ","97.0","0046111","201314"
"331","American Indian or Alaska ","0 ","0.0 ","0.0","0046111","201415"
"520","Asian ","2 ","1.9 ","1.0","0046111","201415"
"631","Black or African American American ","1 ","1.0 ","0.7","0046111","201415"
"731","Hispanic or Latino ","1 ","1.0 ","1.0","0046111","201415"
"831","Pacific Islander ","0 ","0.0 ","0.0","0046111","201415"
"920","Two or More Races ","0 ","0.0 ","0.0","0046111","201415"
"1020","White ","100 ","96.2 ","97.3","0046111","201415"
"332","American Indian or Alaska ","0 ","0.0 ","0.0","0046111","201516"
"521","Asian ","2 ","2.0 ","1.4","0046111","201516"
"632","Black or African American American ","1 ","1.0 ","0.7","0046111","201516"
"732","Hispanic or Latino ","0 ","0.0 ","0.3","0046111","201516"
"832","Pacific Islander ","0 ","0.0 ","0.3","0046111","201516"
"921","Two or More Races ","0 ","0.0 ","0.0","0046111","201516"
"1021","White ","95 ","96.9 ","97.3","0046111","201516"
"333","Asian ","0 ","0.0 ","0.0","0050111","201314"
"411","Black or African American ","0 ","0.0 ","0.0","0050111","201314"
"633","Hispanic ","0 ","0.0 ","0.0","0050111","201314"
"733","Native American ","0 ","0.0 ","0.0","0050111","201314"
"833","White ","30 ","100.0 ","100.0","0050111","201314"
"334","American Indian or Alaska ","0 ","0.0 ","0.0","0050111","201415"
"522","Asian ","0 ","0.0 ","0.0","0050111","201415"
"634","Black or African American American ","0 ","0.0 ","0.0","0050111","201415"
"734","Hispanic or Latino ","0 ","0.0 ","0.0","0050111","201415"
"834","Pacific Islander ","0 ","0.0 ","0.0","0050111","201415"
"922","Two or More Races ","0 ","0.0 ","0.0","0050111","201415"
"1022","White ","27 ","100.0 ","100.0","0050111","201415"
"335","American Indian or Alaska ","0 ","0.0 ","0.0","0050111","201516"
"523","Asian ","0 ","0.0 ","0.0","0050111","201516"
"635","Black or African American American ","0 ","0.0 ","0.0","0050111","201516"
"735","Hispanic or Latino ","0 ","0.0 ","0.0","0050111","201516"
"835","Pacific Islander ","0 ","0.0 ","0.0","0050111","201516"
"923","Two or More Races ","0 ","0.0 ","0.0","0050111","201516"
"1023","White ","26 ","100.0 ","100.0","0050111","201516"
"336","Asian ","0 ","0.0 ","0.3","0070111","201314"
"412","Black or African American ","0 ","0.0 ","0.0","0070111","201314"
"636","Hispanic ","0 ","0.0 ","0.7","0070111","201314"
"736","Native American ","0 ","0.0 ","0.0","0070111","201314"
"836","White ","28 ","100.0 ","99.0","0070111","201314"
"337","American Indian or Alaska ","0 ","0.0 ","0.0","0070111","201415"
"524","Asian ","0 ","0.0 ","0.3","0070111","201415"
"637","Black or African American American ","0 ","0.0 ","0.3","0070111","201415"
"737","Hispanic or Latino ","0 ","0.0 ","1.0","0070111","201415"
"837","Pacific Islander ","0 ","0.0 ","0.0","0070111","201415"
"924","Two or More Races ","0 ","0.0 ","0.0","0070111","201415"
"1024","White ","27 ","100.0 ","98.3","0070111","201415"
"338","American Indian or Alaska ","0 ","0.0 ","0.0","0070111","201516"
"525","Asian ","0 ","0.0 ","0.3","0070111","201516"
"638","Black or African American American ","0 ","0.0 ","0.3","0070111","201516"
"738","Hispanic or Latino ","0 ","0.0 ","1.0","0070111","201516"
"838","Pacific Islander ","0 ","0.0 ","0.0","0070111","201516"
"925","Two or More Races ","0 ","0.0 ","0.0","0070111","201516"
"1025","White ","25 ","100.0 ","98.3","0070111","201516"
"339","Asian ","0 ","0.0 ","0.3","0070411","201314"
"413","Black or African American ","0 ","0.0 ","0.0","0070411","201314"
"639","Hispanic ","0 ","0.0 ","0.7","0070411","201314"
"739","Native American ","0 ","0.0 ","0.0","0070411","201314"
"839","White ","49 ","100.0 ","99.0","0070411","201314"
"340","American Indian or Alaska ","0 ","0.0 ","0.0","0070411","201415"
"526","Asian ","0 ","0.0 ","0.3","0070411","201415"
"640","Black or African American American ","0 ","0.0 ","0.3","0070411","201415"
"740","Hispanic or Latino ","0 ","0.0 ","1.0","0070411","201415"
"840","Pacific Islander ","0 ","0.0 ","0.0","0070411","201415"
"926","Two or More Races ","0 ","0.0 ","0.0","0070411","201415"
"1026","White ","50 ","100.0 ","98.3","0070411","201415"
"341","American Indian or Alaska ","0 ","0.0 ","0.0","0070411","201516"
"527","Asian ","0 ","0.0 ","0.3","0070411","201516"
"641","Black or African American American ","0 ","0.0 ","0.3","0070411","201516"
"741","Hispanic or Latino ","0 ","0.0 ","1.0","0070411","201516"
"841","Pacific Islander ","0 ","0.0 ","0.0","0070411","201516"
"927","Two or More Races ","0 ","0.0 ","0.0","0070411","201516"
"1027","White ","49 ","100.0 ","98.3","0070411","201516"
"342","Asian ","0 ","0.0 ","0.3","0070511","201314"
"414","Black or African American ","0 ","0.0 ","0.0","0070511","201314"
"642","Hispanic ","0 ","0.0 ","0.7","0070511","201314"
"742","Native American ","0 ","0.0 ","0.0","0070511","201314"
"842","White ","50 ","100.0 ","99.0","0070511","201314"
"343","American Indian or Alaska ","0 ","0.0 ","0.0","0070511","201415"
"528","Asian ","0 ","0.0 ","0.3","0070511","201415"
"643","Black or African American American ","1 ","2.1 ","0.3","0070511","201415"
"743","Hispanic or Latino ","0 ","0.0 ","1.0","0070511","201415"
"843","Pacific Islander ","0 ","0.0 ","0.0","0070511","201415"
"928","Two or More Races ","0 ","0.0 ","0.0","0070511","201415"
"1028","White ","47 ","97.9 ","98.3","0070511","201415"
"344","American Indian or Alaska ","0 ","0.0 ","0.0","0070511","201516"
"529","Asian ","0 ","0.0 ","0.3","0070511","201516"
"644","Black or African American American ","1 ","2.1 ","0.3","0070511","201516"
"744","Hispanic or Latino ","0 ","0.0 ","1.0","0070511","201516"
"844","Pacific Islander ","0 ","0.0 ","0.0","0070511","201516"
"929","Two or More Races ","0 ","0.0 ","0.0","0070511","201516"
"1029","White ","46 ","97.9 ","98.3","0070511","201516"
"345","Asian ","1 ","1.4 ","0.3","0075111","201314"
"415","Black or African American ","0 ","0.0 ","0.0","0075111","201314"
"645","Hispanic ","0 ","0.0 ","0.7","0075111","201314"
"745","Native American ","0 ","0.0 ","0.0","0075111","201314"
"845","White ","71 ","98.6 ","99.0","0075111","201314"
"346","American Indian or Alaska ","0 ","0.0 ","0.0","0075111","201415"
"530","Asian ","1 ","1.4 ","0.3","0075111","201415"
"646","Black or African American American ","0 ","0.0 ","0.3","0075111","201415"
"746","Hispanic or Latino ","0 ","0.0 ","1.0","0075111","201415"
"846","Pacific Islander ","0 ","0.0 ","0.0","0075111","201415"
"930","Two or More Races ","0 ","0.0 ","0.0","0075111","201415"
"1030","White ","70 ","98.6 ","98.3","0075111","201415"
"347","American Indian or Alaska ","0 ","0.0 ","0.0","0075111","201516"
"531","Asian ","1 ","1.5 ","0.3","0075111","201516"
"647","Black or African American American ","0 ","0.0 ","0.3","0075111","201516"
"747","Hispanic or Latino ","0 ","0.0 ","1.0","0075111","201516"
"847","Pacific Islander ","0 ","0.0 ","0.0","0075111","201516"
"931","Two or More Races ","0 ","0.0 ","0.0","0075111","201516"
"1031","White ","66 ","98.5 ","98.3","0075111","201516"
"348","Asian ","0 ","0.0 ","0.3","0076111","201314"
"416","Black or African American ","0 ","0.0 ","0.0","0076111","201314"
"648","Hispanic ","2 ","2.0 ","0.7","0076111","201314"
"748","Native American ","0 ","0.0 ","0.0","0076111","201314"
"848","White ","100 ","98.0 ","99.0","0076111","201314"
"349","American Indian or Alaska ","0 ","0.0 ","0.0","0076111","201415"
"532","Asian ","0 ","0.0 ","0.3","0076111","201415"
"649","Black or African American American ","0 ","0.0 ","0.3","0076111","201415"
"749","Hispanic or Latino ","3 ","2.9 ","1.0","0076111","201415"
"849","Pacific Islander ","0 ","0.0 ","0.0","0076111","201415"
"932","Two or More Races ","0 ","0.0 ","0.0","0076111","201415"
"1032","White ","99 ","97.1 ","98.3","0076111","201415"
"350","American Indian or Alaska ","0 ","0.0 ","0.0","0076111","201516"
"533","Asian ","0 ","0.0 ","0.3","0076111","201516"
"650","Black or African American American ","0 ","0.0 ","0.3","0076111","201516"
"750","Hispanic or Latino ","3 ","3.1 ","1.0","0076111","201516"
"850","Pacific Islander ","0 ","0.0 ","0.0","0076111","201516"
"933","Two or More Races ","0 ","0.0 ","0.0","0076111","201516"
"1033","White ","95 ","96.9 ","98.3","0076111","201516"
"351","Asian ","0 ","0.0 ","0.0","0080111","201314"
"417","Black or African American ","0 ","0.0 ","0.0","0080111","201314"
"651","Hispanic ","1 ","2.0 ","1.9","0080111","201314"
"751","Native American ","0 ","0.0 ","0.0","0080111","201314"
"851","White ","50 ","98.0 ","98.1","0080111","201314"
"352","American Indian or Alaska ","0 ","0.0 ","0.0","0080111","201415"
"534","Asian ","0 ","0.0 ","0.0","0080111","201415"
"652","Black or African American American ","0 ","0.0 ","0.0","0080111","201415"
"752","Hispanic or Latino ","0 ","0.0 ","0.0","0080111","201415"
"852","Pacific Islander ","0 ","0.0 ","0.0","0080111","201415"
"934","Two or More Races ","0 ","0.0 ","0.0","0080111","201415"
"1034","White ","49 ","100.0 ","100.0","0080111","201415"
"353","American Indian or Alaska ","0 ","0.0 ","0.0","0080111","201516"
"535","Asian ","1 ","2.1 ","2.0","0080111","201516"
"653","Black or African American American ","0 ","0.0 ","0.0","0080111","201516"
"753","Hispanic or Latino ","1 ","2.1 ","2.0","0080111","201516"
"853","Pacific Islander ","0 ","0.0 ","0.0","0080111","201516"
"935","Two or More Races ","0 ","0.0 ","0.0","0080111","201516"
"1035","White ","45 ","95.7 ","96.0","0080111","201516"
"354","Asian ","0 ","0.0 ","0.7","0090111","201314"
"418","Black or African American ","0 ","0.0 ","0.4","0090111","201314"
"654","Hispanic ","1 ","2.0 ","1.1","0090111","201314"
"754","Native American ","0 ","0.0 ","0.0","0090111","201314"
"854","White ","50 ","98.0 ","97.9","0090111","201314"
"355","American Indian or Alaska ","0 ","0.0 ","0.0","0090111","201415"
"536","Asian ","0 ","0.0 ","0.8","0090111","201415"
"655","Black or African American American ","0 ","0.0 ","0.4","0090111","201415"
"755","Hispanic or Latino ","1 ","2.0 ","0.8","0090111","201415"
"855","Pacific Islander ","0 ","0.0 ","0.0","0090111","201415"
"936","Two or More Races ","0 ","0.0 ","0.0","0090111","201415"
"1036","White ","50 ","98.0 ","98.1","0090111","201415"
"356","American Indian or Alaska ","0 ","0.0 ","0.0","0090111","201516"
"537","Asian ","0 ","0.0 ","0.4","0090111","201516"
"656","Black or African American American ","0 ","0.0 ","0.4","0090111","201516"
"756","Hispanic or Latino ","1 ","2.1 ","1.1","0090111","201516"
"856","Pacific Islander ","0 ","0.0 ","0.0","0090111","201516"
"937","Two or More Races ","0 ","0.0 ","0.0","0090111","201516"
"1037","White ","46 ","97.9 ","98.2","0090111","201516"
"357","Asian ","0 ","0.0 ","0.7","0090411","201314"
"419","Black or African American ","0 ","0.0 ","0.4","0090411","201314"
"657","Hispanic ","0 ","0.0 ","1.1","0090411","201314"
"757","Native American ","0 ","0.0 ","0.0","0090411","201314"
"857","White ","39 ","100.0 ","97.9","0090411","201314"
"358","American Indian or Alaska ","0 ","0.0 ","0.0","0090411","201415"
"538","Asian ","0 ","0.0 ","0.8","0090411","201415"
"658","Black or African American American ","0 ","0.0 ","0.4","0090411","201415"
"758","Hispanic or Latino ","0 ","0.0 ","0.8","0090411","201415"
"858","Pacific Islander ","0 ","0.0 ","0.0","0090411","201415"
"938","Two or More Races ","0 ","0.0 ","0.0","0090411","201415"
"1038","White ","39 ","100.0 ","98.1","0090411","201415"
"359","American Indian or Alaska ","0 ","0.0 ","0.0","0090411","201516"
"539","Asian ","0 ","0.0 ","0.4","0090411","201516"
"659","Black or African American American ","0 ","0.0 ","0.4","0090411","201516"
"759","Hispanic or Latino ","0 ","0.0 ","1.1","0090411","201516"
"859","Pacific Islander ","0 ","0.0 ","0.0","0090411","201516"
"939","Two or More Races ","0 ","0.0 ","0.0","0090411","201516"
"1039","White ","40 ","100.0 ","98.2","0090411","201516"
"360","Asian ","0 ","0.0 ","0.7","0090511","201314"
"420","Black or African American ","0 ","0.0 ","0.4","0090511","201314"
"660","Hispanic ","0 ","0.0 ","1.1","0090511","201314"
"760","Native American ","0 ","0.0 ","0.0","0090511","201314"
"860","White ","42 ","100.0 ","97.9","0090511","201314"
"361","American Indian or Alaska ","0 ","0.0 ","0.0","0090511","201415"
"540","Asian ","0 ","0.0 ","0.8","0090511","201415"
"661","Black or African American American ","0 ","0.0 ","0.4","0090511","201415"
"761","Hispanic or Latino ","0 ","0.0 ","0.8","0090511","201415"
"861","Pacific Islander ","0 ","0.0 ","0.0","0090511","201415"
"940","Two or More Races ","0 ","0.0 ","0.0","0090511","201415"
"1040","White ","39 ","100.0 ","98.1","0090511","201415"
"362","American Indian or Alaska ","0 ","0.0 ","0.0","0090511","201516"
"541","Asian ","0 ","0.0 ","0.4","0090511","201516"
"662","Black or African American American ","0 ","0.0 ","0.4","0090511","201516"
"762","Hispanic or Latino ","0 ","0.0 ","1.1","0090511","201516"
"862","Pacific Islander ","0 ","0.0 ","0.0","0090511","201516"
"941","Two or More Races ","0 ","0.0 ","0.0","0090511","201516"
"1041","White ","41 ","100.0 ","98.2","0090511","201516"
"363","Asian ","1 ","1.5 ","0.7","0095111","201314"
"421","Black or African American ","0 ","0.0 ","0.4","0095111","201314"
"663","Hispanic ","1 ","1.5 ","1.1","0095111","201314"
"763","Native American ","0 ","0.0 ","0.0","0095111","201314"
"863","White ","64 ","97.0 ","97.9","0095111","201314"
"364","American Indian or Alaska ","0 ","0.0 ","0.0","0095111","201415"
"542","Asian ","1 ","1.6 ","0.8","0095111","201415"
"664","Black or African American American ","0 ","0.0 ","0.4","0095111","201415"
"764","Hispanic or Latino ","0 ","0.0 ","0.8","0095111","201415"
"864","Pacific Islander ","0 ","0.0 ","0.0","0095111","201415"
"942","Two or More Races ","0 ","0.0 ","0.0","0095111","201415"
"1042","White ","60 ","98.4 ","98.1","0095111","201415"
"365","American Indian or Alaska ","0 ","0.0 ","0.0","0095111","201516"
"543","Asian ","0 ","0.0 ","0.4","0095111","201516"
"665","Black or African American American ","0 ","0.0 ","0.4","0095111","201516"
"765","Hispanic or Latino ","1 ","1.6 ","1.1","0095111","201516"
"865","Pacific Islander ","0 ","0.0 ","0.0","0095111","201516"
"943","Two or More Races ","0 ","0.0 ","0.0","0095111","201516"
"1043","White ","61 ","98.4 ","98.2","0095111","201516"
"366","Asian ","1 ","1.0 ","0.7","0096111","201314"
"422","Black or African American ","1 ","1.0 ","0.4","0096111","201314"
"666","Hispanic ","1 ","1.0 ","1.1","0096111","201314"
"766","Native American ","0 ","0.0 ","0.0","0096111","201314"
"866","White ","94 ","96.9 ","97.9","0096111","201314"
"367","American Indian or Alaska ","0 ","0.0 ","0.0","0096111","201415"
"544","Asian ","1 ","1.2 ","0.8","0096111","201415"
"667","Black or African American American ","1 ","1.2 ","0.4","0096111","201415"
"767","Hispanic or Latino ","1 ","1.2 ","0.8","0096111","201415"
"867","Pacific Islander ","0 ","0.0 ","0.0","0096111","201415"
"944","Two or More Races ","0 ","0.0 ","0.0","0096111","201415"
"1044","White ","81 ","96.4 ","98.1","0096111","201415"
"368","American Indian or Alaska ","0 ","0.0 ","0.0","0096111","201516"
"545","Asian ","1 ","1.1 ","0.4","0096111","201516"
"668","Black or African American American ","1 ","1.1 ","0.4","0096111","201516"
"768","Hispanic or Latino ","1 ","1.1 ","1.1","0096111","201516"
"868","Pacific Islander ","0 ","0.0 ","0.0","0096111","201516"
"945","Two or More Races ","0 ","0.0 ","0.0","0096111","201516"
"1045","White ","89 ","96.7 ","98.2","0096111","201516"
"369","Asian ","1 ","3.6 ","1.6","0110511","201314"
"423","Black or African American ","9 ","32.1 ","23.3","0110511","201314"
"669","Hispanic ","1 ","3.6 ","3.1","0110511","201314"
"769","Native American ","0 ","0.0 ","0.0","0110511","201314"
"869","White ","17 ","60.7 ","72.1","0110511","201314"
"370","American Indian or Alaska ","0 ","0.0 ","0.0","0110511","201415"
"546","Asian ","1 ","4.2 ","1.6","0110511","201415"
"670","Black or African American American ","7 ","29.2 ","22.4","0110511","201415"
"770","Hispanic or Latino ","0 ","0.0 ","1.2","0110511","201415"
"870","Pacific Islander ","0 ","0.0 ","0.0","0110511","201415"
"946","Two or More Races ","0 ","0.0 ","0.0","0110511","201415"
"1046","White ","16 ","66.7 ","74.8","0110511","201415"
"371","American Indian or Alaska ","0 ","0.0 ","0.0","0110511","201516"
"547","Asian ","0 ","0.0 ","1.7","0110511","201516"
"671","Black or African American American ","7 ","29.2 ","22.5","0110511","201516"
"771","Hispanic or Latino ","0 ","0.0 ","0.9","0110511","201516"
"871","Pacific Islander ","0 ","0.0 ","0.0","0110511","201516"
"947","Two or More Races ","0 ","0.0 ","0.4","0110511","201516"
"1047","White ","17 ","70.8 ","74.5","0110511","201516"
"372","Asian ","1 ","2.7 ","1.6","0110611","201314"
"424","Black or African American ","6 ","16.2 ","23.3","0110611","201314"
"672","Hispanic ","0 ","0.0 ","3.1","0110611","201314"
"772","Native American ","0 ","0.0 ","0.0","0110611","201314"
"872","White ","30 ","81.1 ","72.1","0110611","201314"
"373","American Indian or Alaska ","0 ","0.0 ","0.0","0110611","201415"
"548","Asian ","1 ","2.6 ","1.6","0110611","201415"
"673","Black or African American American ","5 ","13.2 ","22.4","0110611","201415"
"773","Hispanic or Latino ","0 ","0.0 ","1.2","0110611","201415"
"873","Pacific Islander ","0 ","0.0 ","0.0","0110611","201415"
"948","Two or More Races ","0 ","0.0 ","0.0","0110611","201415"
"1048","White ","32 ","84.2 ","74.8","0110611","201415"
"374","American Indian or Alaska ","0 ","0.0 ","0.0","0110611","201516"
"549","Asian ","1 ","2.7 ","1.7","0110611","201516"
"674","Black or African American American ","5 ","13.5 ","22.5","0110611","201516"
"774","Hispanic or Latino ","0 ","0.0 ","0.9","0110611","201516"
"874","Pacific Islander ","0 ","0.0 ","0.0","0110611","201516"
"949","Two or More Races ","0 ","0.0 ","0.4","0110611","201516"
"1049","White ","31 ","83.8 ","74.5","0110611","201516"
"375","Asian ","0 ","0.0 ","1.6","0110711","201314"
"425","Black or African American ","7 ","20.6 ","23.3","0110711","201314"
"675","Hispanic ","0 ","0.0 ","3.1","0110711","201314"
"775","Native American ","0 ","0.0 ","0.0","0110711","201314"
"875","White ","27 ","79.4 ","72.1","0110711","201314"
"376","American Indian or Alaska ","0 ","0.0 ","0.0","0110711","201415"
"550","Asian ","0 ","0.0 ","1.6","0110711","201415"
"676","Black or African American American ","7 ","19.4 ","22.4","0110711","201415"
"776","Hispanic or Latino ","0 ","0.0 ","1.2","0110711","201415"
"876","Pacific Islander ","0 ","0.0 ","0.0","0110711","201415"
"950","Two or More Races ","0 ","0.0 ","0.0","0110711","201415"
"1050","White ","29 ","80.6 ","74.8","0110711","201415"
"377","American Indian or Alaska ","0 ","0.0 ","0.0","0110711","201516"
"551","Asian ","0 ","0.0 ","1.7","0110711","201516"
"677","Black or African American American ","7 ","19.4 ","22.5","0110711","201516"
"777","Hispanic or Latino ","0 ","0.0 ","0.9","0110711","201516"
"877","Pacific Islander ","0 ","0.0 ","0.0","0110711","201516"
"951","Two or More Races ","0 ","0.0 ","0.4","0110711","201516"
"1051","White ","29 ","80.6 ","74.5","0110711","201516"
"378","Asian ","0 ","0.0 ","1.6","0110811","201314"
"426","Black or African American ","3 ","10.3 ","23.3","0110811","201314"
"678","Hispanic ","1 ","3.4 ","3.1","0110811","201314"
"778","Native American ","0 ","0.0 ","0.0","0110811","201314"
"878","White ","25 ","86.2 ","72.1","0110811","201314"
"379","American Indian or Alaska ","0 ","0.0 ","0.0","0110811","201415"
"552","Asian ","0 ","0.0 ","1.6","0110811","201415"
"679","Black or African American American ","1 ","3.3 ","22.4","0110811","201415"
"779","Hispanic or Latino ","1 ","3.3 ","1.2","0110811","201415"
"879","Pacific Islander ","0 ","0.0 ","0.0","0110811","201415"
"952","Two or More Races ","0 ","0.0 ","0.0","0110811","201415"
"1052","White ","28 ","93.3 ","74.8","0110811","201415"
"380","American Indian or Alaska ","0 ","0.0 ","0.0","0110811","201516"
"553","Asian ","0 ","0.0 ","1.7","0110811","201516"
"680","Black or African American American ","1 ","3.2 ","22.5","0110811","201516"
"780","Hispanic or Latino ","1 ","3.2 ","0.9","0110811","201516"
"880","Pacific Islander ","0 ","0.0 ","0.0","0110811","201516"
"953","Two or More Races ","0 ","0.0 ","0.4","0110811","201516"
"1053","White ","29 ","93.5 ","74.5","0110811","201516"
"381","Asian ","0 ","0.0 ","1.6","0115211","201314"
"427","Black or African American ","15 ","38.5 ","23.3","0115211","201314"
"681","Hispanic ","1 ","2.6 ","3.1","0115211","201314"
"781","Native American ","0 ","0.0 ","0.0","0115211","201314"
"881","White ","23 ","59.0 ","72.1","0115211","201314"
"382","American Indian or Alaska ","0 ","0.0 ","0.0","0115211","201415"
"554","Asian ","0 ","0.0 ","1.6","0115211","201415"
"682","Black or African American American ","14 ","36.8 ","22.4","0115211","201415"
"782","Hispanic or Latino ","1 ","2.6 ","1.2","0115211","201415"
"882","Pacific Islander ","0 ","0.0 ","0.0","0115211","201415"
"954","Two or More Races ","0 ","0.0 ","0.0","0115211","201415"
"1054","White ","23 ","60.5 ","74.8","0115211","201415"
"383","American Indian or Alaska ","0 ","0.0 ","0.0","0115211","201516"
"555","Asian ","0 ","0.0 ","1.7","0115211","201516"
"683","Black or African American American ","15 ","44.1 ","22.5","0115211","201516"
"783","Hispanic or Latino ","0 ","0.0 ","0.9","0115211","201516"
"883","Pacific Islander ","0 ","0.0 ","0.0","0115211","201516"
"955","Two or More Races ","0 ","0.0 ","0.4","0115211","201516"
"1055","White ","19 ","55.9 ","74.5","0115211","201516"
"384","Asian ","0 ","0.0 ","1.6","0116111","201314"
"428","Black or African American ","21 ","29.6 ","23.3","0116111","201314"
"684","Hispanic ","3 ","4.2 ","3.1","0116111","201314"
"784","Native American ","0 ","0.0 ","0.0","0116111","201314"
"884","White ","47 ","66.2 ","72.1","0116111","201314"
"385","American Indian or Alaska ","0 ","0.0 ","0.0","0116111","201415"
"556","Asian ","0 ","0.0 ","1.6","0116111","201415"
"685","Black or African American American ","20 ","27.8 ","22.4","0116111","201415"
"785","Hispanic or Latino ","1 ","1.4 ","1.2","0116111","201415"
"885","Pacific Islander ","0 ","0.0 ","0.0","0116111","201415"
"956","Two or More Races ","0 ","0.0 ","0.0","0116111","201415"
"1056","White ","51 ","70.8 ","74.8","0116111","201415"
"386","American Indian or Alaska ","0 ","0.0 ","0.0","0116111","201516"
"557","Asian ","2 ","3.1 ","1.7","0116111","201516"
"686","Black or African American American ","16 ","25.0 ","22.5","0116111","201516"
"786","Hispanic or Latino ","1 ","1.6 ","0.9","0116111","201516"
"886","Pacific Islander ","0 ","0.0 ","0.0","0116111","201516"
"957","Two or More Races ","1 ","1.6 ","0.4","0116111","201516"
"1057","White ","44 ","68.8 ","74.5","0116111","201516"
"387","Asian ","2 ","7.7 ","1.6","0116311","201314"
"429","Black or African American ","1 ","3.8 ","23.3","0116311","201314"
"687","Hispanic ","2 ","7.7 ","3.1","0116311","201314"
"787","Native American ","0 ","0.0 ","0.0","0116311","201314"
"887","White ","21 ","80.8 ","72.1","0116311","201314"
"388","American Indian or Alaska ","0 ","0.0 ","0.0","0116311","201415"
"558","Asian ","2 ","7.7 ","1.6","0116311","201415"
"688","Black or African American American ","4 ","15.4 ","22.4","0116311","201415"
"788","Hispanic or Latino ","0 ","0.0 ","1.2","0116311","201415"
"888","Pacific Islander ","0 ","0.0 ","0.0","0116311","201415"
"958","Two or More Races ","0 ","0.0 ","0.0","0116311","201415"
"1058","White ","20 ","76.9 ","74.8","0116311","201415"
"389","American Indian or Alaska ","0 ","0.0 ","0.0","0116311","201516"
"559","Asian ","1 ","3.8 ","1.7","0116311","201516"
"689","Black or African American American ","4 ","15.4 ","22.5","0116311","201516"
"789","Hispanic or Latino ","0 ","0.0 ","0.9","0116311","201516"
"889","Pacific Islander ","0 ","0.0 ","0.0","0116311","201516"
"959","Two or More Races ","0 ","0.0 ","0.4","0116311","201516"
"1059","White ","21 ","80.8 ","74.5","0116311","201516"
"390","Asian ","0 ","0.0 ","1.6","0116411","201314"
"430","Black or African American ","0 ","0.0 ","23.3","0116411","201314"
"690","Hispanic ","0 ","0.0 ","3.1","0116411","201314"
"790","Native American ","0 ","0.0 ","0.0","0116411","201314"
"890","White ","3 ","100.0 ","72.1","0116411","201314"
"391","American Indian or Alaska ","0 ","0.0 ","0.0","0116411","201415"
"560","Asian ","0 ","0.0 ","1.6","0116411","201415"
"691","Black or African American American ","0 ","0.0 ","22.4","0116411","201415"
"791","Hispanic or Latino ","0 ","0.0 ","1.2","0116411","201415"
"891","Pacific Islander ","0 ","0.0 ","0.0","0116411","201415"
"960","Two or More Races ","0 ","0.0 ","0.0","0116411","201415"
"1060","White ","1 ","100.0 ","74.8","0116411","201415"
"392","American Indian or Alaska ","0 ","0.0 ","0.0","0116411","201516"
"561","Asian ","0 ","0.0 ","1.7","0116411","201516"
"692","Black or African American American ","0 ","0.0 ","22.5","0116411","201516"
"792","Hispanic or Latino ","0 ","0.0 ","0.9","0116411","201516"
"892","Pacific Islander ","0 ","0.0 ","0.0","0116411","201516"
"961","Two or More Races ","0 ","0.0 ","0.4","0116411","201516"
"1061","White ","0 ","0.0 ","74.5","0116411","201516"
"393","Asian ","0 ","0.0 ","0.0","0120111","201314"
"431","Black or African American ","0 ","0.0 ","1.1","0120111","201314"
"693","Hispanic ","2 ","3.8 ","2.3","0120111","201314"
"793","Native American ","0 ","0.0 ","0.0","0120111","201314"
"893","White ","50 ","96.2 ","96.6","0120111","201314"
"394","American Indian or Alaska ","0 ","0.0 ","0.0","0120111","201415"
"562","Asian ","0 ","0.0 ","1.1","0120111","201415"
"694","Black or African American American ","0 ","0.0 ","0.0","0120111","201415"
"794","Hispanic or Latino ","2 ","3.8 ","2.2","0120111","201415"
"894","Pacific Islander ","0 ","0.0 ","0.0","0120111","201415"
"962","Two or More Races ","0 ","0.0 ","0.0","0120111","201415"
"1062","White ","50 ","96.2 ","96.7","0120111","201415"
"395","American Indian or Alaska ","0 ","0.0 ","0.0","0120111","201516"
"563","Asian ","0 ","0.0 ","1.1","0120111","201516"
"695","Black or African American American ","0 ","0.0 ","0.0","0120111","201516"
"795","Hispanic or Latino ","2 ","3.8 ","2.1","0120111","201516"
"895","Pacific Islander ","0 ","0.0 ","0.0","0120111","201516"
"963","Two or More Races ","0 ","0.0 ","0.0","0120111","201516"
"1063","White ","51 ","96.2 ","96.8","0120111","201516"
"396","Asian ","0 ","0.0 ","0.0","0126111","201314"
"432","Black or African American ","1 ","2.8 ","1.1","0126111","201314"
"696","Hispanic ","0 ","0.0 ","2.3","0126111","201314"
"796","Native American ","0 ","0.0 ","0.0","0126111","201314"
"896","White ","35 ","97.2 ","96.6","0126111","201314"
"397","American Indian or Alaska ","0 ","0.0 ","0.0","0126111","201415"
"564","Asian ","0 ","0.0 ","1.1","0126111","201415"
"697","Black or African American American ","0 ","0.0 ","0.0","0126111","201415"
"797","Hispanic or Latino ","0 ","0.0 ","2.2","0126111","201415"
"897","Pacific Islander ","0 ","0.0 ","0.0","0126111","201415"
"964","Two or More Races ","0 ","0.0 ","0.0","0126111","201415"
"1064","White ","38 ","100.0 ","96.7","0126111","201415"
"398","American Indian or Alaska ","0 ","0.0 ","0.0","0126111","201516"
"565","Asian ","0 ","0.0 ","1.1","0126111","201516"
"698","Black or African American American ","0 ","0.0 ","0.0","0126111","201516"
"798","Hispanic or Latino ","0 ","0.0 ","2.1","0126111","201516"
"898","Pacific Islander ","0 ","0.0 ","0.0","0126111","201516"
"965","Two or More Races ","0 ","0.0 ","0.0","0126111","201516"
"1065","White ","40 ","100.0 ","96.8","0126111","201516"
"399","Asian ","0 ","0.0 ","0.0","0130111","201314"
"433","Black or African American ","0 ","0.0 ","0.0","0130111","201314"
"699","Hispanic ","0 ","0.0 ","0.0","0130111","201314"
"799","Native American ","0 ","0.0 ","0.0","0130111","201314"
"899","White ","27 ","100.0 ","100.0","0130111","201314"
"3100","American Indian or Alaska ","0 ","0.0 ","0.0","0130111","201415"
"566","Asian ","0 ","0.0 ","0.0","0130111","201415"
"6100","Black or African American American ","0 ","0.0 ","0.0","0130111","201415"
"7100","Hispanic or Latino ","0 ","0.0 ","0.0","0130111","201415"
"8100","Pacific Islander ","0 ","0.0 ","0.0","0130111","201415"
"966","Two or More Races ","0 ","0.0 ","0.0","0130111","201415"
"1066","White ","27 ","100.0 ","100.0","0130111","201415"
"3101","American Indian or Alaska ","0 ","0.0 ","0.0","0130111","201516"
"567","Asian ","0 ","0.0 ","0.0","0130111","201516"
"6101","Black or African American American ","0 ","0.0 ","0.0","0130111","201516"
"7101","Hispanic or Latino ","0 ","0.0 ","0.0","0130111","201516"
"8101","Pacific Islander ","0 ","0.0 ","0.0","0130111","201516"
"967","Two or More Races ","0 ","0.0 ","0.0","0130111","201516"
"1067","White ","28 ","100.0 ","100.0","0130111","201516"
"3102","Asian ","0 ","0.0 ","0.3","0141411","201314"
"434","Black or African American ","0 ","0.0 ","0.3","0141411","201314"
"6102","Hispanic ","0 ","0.0 ","2.1","0141411","201314"
"7102","Native American ","0 ","0.0 ","0.0","0141411","201314"
"8102","White ","42 ","100.0 ","97.2","0141411","201314"
"3103","American Indian or Alaska ","0 ","0.0 ","0.0","0141411","201415"
"568","Asian ","0 ","0.0 ","0.3","0141411","201415"
"6103","Black or African American American ","0 ","0.0 ","0.3","0141411","201415"
"7103","Hispanic or Latino ","0 ","0.0 ","2.3","0141411","201415"
"8103","Pacific Islander ","0 ","0.0 ","0.0","0141411","201415"
"968","Two or More Races ","0 ","0.0 ","0.0","0141411","201415"
"1068","White ","40 ","100.0 ","97.0","0141411","201415"
"3104","American Indian or Alaska ","0 ","0.0 ","0.0","0141411","201516"
"569","Asian ","0 ","0.0 ","0.3","0141411","201516"
"6104","Black or African American American ","0 ","0.0 ","0.3","0141411","201516"
"7104","Hispanic or Latino ","0 ","0.0 ","2.7","0141411","201516"
"8104","Pacific Islander ","0 ","0.0 ","0.0","0141411","201516"
"969","Two or More Races ","0 ","0.0 ","0.0","0141411","201516"
"1069","White ","42 ","100.0 ","96.7","0141411","201516"
"3105","Asian ","0 ","0.0 ","0.3","0141511","201314"
"435","Black or African American ","0 ","0.0 ","0.3","0141511","201314"
"6105","Hispanic ","0 ","0.0 ","2.1","0141511","201314"
"7105","Native American ","0 ","0.0 ","0.0","0141511","201314"
"8105","White ","39 ","100.0 ","97.2","0141511","201314"
"3106","American Indian or Alaska ","0 ","0.0 ","0.0","0141511","201415"
"570","Asian ","0 ","0.0 ","0.3","0141511","201415"
"6106","Black or African American American ","0 ","0.0 ","0.3","0141511","201415"
"7106","Hispanic or Latino ","0 ","0.0 ","2.3","0141511","201415"
"8106","Pacific Islander ","0 ","0.0 ","0.0","0141511","201415"
"970","Two or More Races ","0 ","0.0 ","0.0","0141511","201415"
"1070","White ","38 ","100.0 ","97.0","0141511","201415"
"3107","American Indian or Alaska ","0 ","0.0 ","0.0","0141511","201516"
"571","Asian ","0 ","0.0 ","0.3","0141511","201516"
"6107","Black or African American American ","0 ","0.0 ","0.3","0141511","201516"
"7107","Hispanic or Latino ","0 ","0.0 ","2.7","0141511","201516"
"8107","Pacific Islander ","0 ","0.0 ","0.0","0141511","201516"
"971","Two or More Races ","0 ","0.0 ","0.0","0141511","201516"
"1071","White ","33 ","100.0 ","96.7","0141511","201516"
"3108","Asian ","0 ","0.0 ","0.3","0141611","201314"
"436","Black or African American ","0 ","0.0 ","0.3","0141611","201314"
"6108","Hispanic ","0 ","0.0 ","2.1","0141611","201314"
"7108","Native American ","0 ","0.0 ","0.0","0141611","201314"
"8108","White ","41 ","100.0 ","97.2","0141611","201314"
"3109","American Indian or Alaska ","0 ","0.0 ","0.0","0141611","201415"
"572","Asian ","0 ","0.0 ","0.3","0141611","201415"
"6109","Black or African American American ","0 ","0.0 ","0.3","0141611","201415"
"7109","Hispanic or Latino ","1 ","2.9 ","2.3","0141611","201415"
"8109","Pacific Islander ","0 ","0.0 ","0.0","0141611","201415"
"972","Two or More Races ","0 ","0.0 ","0.0","0141611","201415"
"1072","White ","33 ","97.1 ","97.0","0141611","201415"
"3110","American Indian or Alaska ","0 ","0.0 ","0.0","0141611","201516"
"573","Asian ","0 ","0.0 ","0.3","0141611","201516"
"6110","Black or African American American ","0 ","0.0 ","0.3","0141611","201516"
"7110","Hispanic or Latino ","1 ","2.8 ","2.7","0141611","201516"
"8110","Pacific Islander ","0 ","0.0 ","0.0","0141611","201516"
"973","Two or More Races ","0 ","0.0 ","0.0","0141611","201516"
"1073","White ","35 ","97.2 ","96.7","0141611","201516"
"3111","Asian ","0 ","0.0 ","0.3","0145111","201314"
"437","Black or African American ","0 ","0.0 ","0.3","0145111","201314"
"6111","Hispanic ","2 ","2.2 ","2.1","0145111","201314"
"7111","Native American ","0 ","0.0 ","0.0","0145111","201314"
"8111","White ","91 ","97.8 ","97.2","0145111","201314"
"3112","American Indian or Alaska ","0 ","0.0 ","0.0","0145111","201415"
"574","Asian ","0 ","0.0 ","0.3","0145111","201415"
"6112","Black or African American American ","0 ","0.0 ","0.3","0145111","201415"
"7112","Hispanic or Latino ","1 ","1.2 ","2.3","0145111","201415"
"8112","Pacific Islander ","0 ","0.0 ","0.0","0145111","201415"
"974","Two or More Races ","0 ","0.0 ","0.0","0145111","201415"
"1074","White ","83 ","98.8 ","97.0","0145111","201415"
"3113","American Indian or Alaska ","0 ","0.0 ","0.0","0145111","201516"
"575","Asian ","0 ","0.0 ","0.3","0145111","201516"
"6113","Black or African American American ","0 ","0.0 ","0.3","0145111","201516"
"7113","Hispanic or Latino ","1 ","1.2 ","2.7","0145111","201516"
"8113","Pacific Islander ","0 ","0.0 ","0.0","0145111","201516"
"975","Two or More Races ","0 ","0.0 ","0.0","0145111","201516"
"1075","White ","80 ","98.8 ","96.7","0145111","201516"
"3114","Asian ","1 ","0.9 ","0.3","0146111","201314"
"438","Black or African American ","1 ","0.9 ","0.3","0146111","201314"
"6114","Hispanic ","3 ","2.7 ","2.1","0146111","201314"
"7114","Native American ","0 ","0.0 ","0.0","0146111","201314"
"8114","White ","105 ","95.5 ","97.2","0146111","201314"
"3115","American Indian or Alaska ","0 ","0.0 ","0.0","0146111","201415"
"576","Asian ","1 ","1.0 ","0.3","0146111","201415"
"6115","Black or African American American ","1 ","1.0 ","0.3","0146111","201415"
"7115","Hispanic or Latino ","3 ","3.1 ","2.3","0146111","201415"
"8115","Pacific Islander ","0 ","0.0 ","0.0","0146111","201415"
"976","Two or More Races ","0 ","0.0 ","0.0","0146111","201415"
"1076","White ","93 ","94.9 ","97.0","0146111","201415"
"3116","American Indian or Alaska ","0 ","0.0 ","0.0","0146111","201516"
"577","Asian ","1 ","1.0 ","0.3","0146111","201516"
"6116","Black or African American American ","1 ","1.0 ","0.3","0146111","201516"
"7116","Hispanic or Latino ","4 ","4.0 ","2.7","0146111","201516"
"8116","Pacific Islander ","0 ","0.0 ","0.0","0146111","201516"
"977","Two or More Races ","0 ","0.0 ","0.0","0146111","201516"
"1077","White ","94 ","94.0 ","96.7","0146111","201516"
"3117","Asian ","1 ","1.7 ","1.8","0150111","201314"
"439","Black or African American ","3 ","5.0 ","13.2","0150111","201314"
"6117","Hispanic ","14 ","23.3 ","10.8","0150111","201314"
"7117","Native American ","0 ","0.0 ","0.1","0150111","201314"
"8117","White ","42 ","70.0 ","74.0","0150111","201314"
"3118","American Indian or Alaska ","0 ","0.0 ","0.4","0150111","201415"
"578","Asian ","1 ","1.7 ","1.7","0150111","201415"
"6118","Black or African American American ","5 ","8.5 ","12.3","0150111","201415"
"7118","Hispanic or Latino ","11 ","18.6 ","10.2","0150111","201415"
"8118","Pacific Islander ","0 ","0.0 ","0.0","0150111","201415"
"978","Two or More Races ","0 ","0.0 ","0.0","0150111","201415"
"1078","White ","42 ","71.2 ","75.4","0150111","201415"
"3119","American Indian or Alaska ","0 ","0.0 ","0.5","0150111","201516"
"579","Asian ","0 ","0.0 ","1.8","0150111","201516"
"6119","Black or African American American ","5 ","8.5 ","11.9","0150111","201516"
"7119","Hispanic or Latino ","11 ","18.6 ","11.0","0150111","201516"
"8119","Pacific Islander ","0 ","0.0 ","0.0","0150111","201516"
"979","Two or More Races ","0 ","0.0 ","0.0","0150111","201516"
"1079","White ","43 ","72.9 ","74.8","0150111","201516"
"3120","Asian ","1 ","2.7 ","1.8","0150211","201314"
"440","Black or African American ","1 ","2.7 ","13.2","0150211","201314"
"6120","Hispanic ","1 ","2.7 ","10.8","0150211","201314"
"7120","Native American ","0 ","0.0 ","0.1","0150211","201314"
"8120","White ","34 ","91.9 ","74.0","0150211","201314"
"3121","American Indian or Alaska ","0 ","0.0 ","0.4","0150211","201415"
"580","Asian ","0 ","0.0 ","1.7","0150211","201415"
"6121","Black or African American American ","2 ","6.1 ","12.3","0150211","201415"
"7121","Hispanic or Latino ","1 ","3.0 ","10.2","0150211","201415"
"8121","Pacific Islander ","0 ","0.0 ","0.0","0150211","201415"
"980","Two or More Races ","0 ","0.0 ","0.0","0150211","201415"
"1080","White ","30 ","90.9 ","75.4","0150211","201415"
"3122","American Indian or Alaska ","0 ","0.0 ","0.5","0150211","201516"
"581","Asian ","0 ","0.0 ","1.8","0150211","201516"
"6122","Black or African American American ","1 ","3.1 ","11.9","0150211","201516"
"7122","Hispanic or Latino ","1 ","3.1 ","11.0","0150211","201516"
"8122","Pacific Islander ","0 ","0.0 ","0.0","0150211","201516"
"981","Two or More Races ","0 ","0.0 ","0.0","0150211","201516"
"1081","White ","30 ","93.8 ","74.8","0150211","201516"
"3123","Asian ","0 ","0.0 ","1.8","0150311","201314"
"441","Black or African American ","3 ","8.8 ","13.2","0150311","201314"
"6123","Hispanic ","1 ","2.9 ","10.8","0150311","201314"
"7123","Native American ","0 ","0.0 ","0.1","0150311","201314"
"8123","White ","30 ","88.2 ","74.0","0150311","201314"
"3124","American Indian or Alaska ","1 ","2.8 ","0.4","0150311","201415"
"582","Asian ","0 ","0.0 ","1.7","0150311","201415"
"6124","Black or African American American ","1 ","2.8 ","12.3","0150311","201415"
"7124","Hispanic or Latino ","2 ","5.6 ","10.2","0150311","201415"
"8124","Pacific Islander ","0 ","0.0 ","0.0","0150311","201415"
"982","Two or More Races ","0 ","0.0 ","0.0","0150311","201415"
"1082","White ","32 ","88.9 ","75.4","0150311","201415"
"3125","American Indian or Alaska ","1 ","2.4 ","0.5","0150311","201516"
"583","Asian ","0 ","0.0 ","1.8","0150311","201516"
"6125","Black or African American American ","3 ","7.1 ","11.9","0150311","201516"
"7125","Hispanic or Latino ","4 ","9.5 ","11.0","0150311","201516"
"8125","Pacific Islander ","0 ","0.0 ","0.0","0150311","201516"
"983","Two or More Races ","0 ","0.0 ","0.0","0150311","201516"
"1083","White ","34 ","81.0 ","74.8","0150311","201516"
"3126","Asian ","0 ","0.0 ","1.8","0150411","201314"
"442","Black or African American ","5 ","15.2 ","13.2","0150411","201314"
"6126","Hispanic ","5 ","15.2 ","10.8","0150411","201314"
"7126","Native American ","0 ","0.0 ","0.1","0150411","201314"
"8126","White ","23 ","69.7 ","74.0","0150411","201314"
"3127","American Indian or Alaska ","0 ","0.0 ","0.4","0150411","201415"
"584","Asian ","1 ","2.9 ","1.7","0150411","201415"
"6127","Black or African American American ","2 ","5.7 ","12.3","0150411","201415"
"7127","Hispanic or Latino ","3 ","8.6 ","10.2","0150411","201415"
"8127","Pacific Islander ","0 ","0.0 ","0.0","0150411","201415"
"984","Two or More Races ","0 ","0.0 ","0.0","0150411","201415"
"1084","White ","29 ","82.9 ","75.4","0150411","201415"
"3128","American Indian or Alaska ","0 ","0.0 ","0.5","0150411","201516"
"585","Asian ","1 ","2.9 ","1.8","0150411","201516"
"6128","Black or African American American ","2 ","5.9 ","11.9","0150411","201516"
"7128","Hispanic or Latino ","2 ","5.9 ","11.0","0150411","201516"
"8128","Pacific Islander ","0 ","0.0 ","0.0","0150411","201516"
"985","Two or More Races ","0 ","0.0 ","0.0","0150411","201516"
"1085","White ","29 ","85.3 ","74.8","0150411","201516"
"3129","Asian ","4 ","5.9 ","1.8","0150511","201314"
"443","Black or African American ","13 ","19.1 ","13.2","0150511","201314"
"6129","Hispanic ","10 ","14.7 ","10.8","0150511","201314"
"7129","Native American ","0 ","0.0 ","0.1","0150511","201314"
"8129","White ","41 ","60.3 ","74.0","0150511","201314"
"3130","American Indian or Alaska ","1 ","1.5 ","0.4","0150511","201415"
"586","Asian ","1 ","1.5 ","1.7","0150511","201415"
"6130","Black or African American American ","13 ","20.0 ","12.3","0150511","201415"
"7130","Hispanic or Latino ","4 ","6.2 ","10.2","0150511","201415"
"8130","Pacific Islander ","0 ","0.0 ","0.0","0150511","201415"
"986","Two or More Races ","0 ","0.0 ","0.0","0150511","201415"
"1086","White ","46 ","70.8 ","75.4","0150511","201415"
"3131","American Indian or Alaska ","1 ","1.5 ","0.5","0150511","201516"
"587","Asian ","1 ","1.5 ","1.8","0150511","201516"
"6131","Black or African American American ","12 ","18.5 ","11.9","0150511","201516"
"7131","Hispanic or Latino ","5 ","7.7 ","11.0","0150511","201516"
"8131","Pacific Islander ","0 ","0.0 ","0.0","0150511","201516"
"987","Two or More Races ","0 ","0.0 ","0.0","0150511","201516"
"1087","White ","46 ","70.8 ","74.8","0150511","201516"
"3132","Asian ","1 ","8.3 ","1.8","0150611","201314"
"444","Black or African American ","0 ","0.0 ","13.2","0150611","201314"
"6132","Hispanic ","1 ","8.3 ","10.8","0150611","201314"
"7132","Native American ","0 ","0.0 ","0.1","0150611","201314"
"8132","White ","10 ","83.3 ","74.0","0150611","201314"
"3133","American Indian or Alaska ","0 ","0.0 ","0.4","0150611","201415"
"588","Asian ","4 ","11.4 ","1.7","0150611","201415"
"6133","Black or African American American ","6 ","17.1 ","12.3","0150611","201415"
"7133","Hispanic or Latino ","1 ","2.9 ","10.2","0150611","201415"
"8133","Pacific Islander ","0 ","0.0 ","0.0","0150611","201415"
"988","Two or More Races ","0 ","0.0 ","0.0","0150611","201415"
"1088","White ","24 ","68.6 ","75.4","0150611","201415"
"3134","American Indian or Alaska ","0 ","0.0 ","0.5","0150611","201516"
"589","Asian ","4 ","12.5 ","1.8","0150611","201516"
"6134","Black or African American American ","4 ","12.5 ","11.9","0150611","201516"
"7134","Hispanic or Latino ","3 ","9.4 ","11.0","0150611","201516"
"8134","Pacific Islander ","0 ","0.0 ","0.0","0150611","201516"
"989","Two or More Races ","0 ","0.0 ","0.0","0150611","201516"
"1089","White ","21 ","65.6 ","74.8","0150611","201516"
"3135","Asian ","0 ","0.0 ","1.8","0150711","201314"
"445","Black or African American ","4 ","13.3 ","13.2","0150711","201314"
"6135","Hispanic ","1 ","3.3 ","10.8","0150711","201314"
"7135","Native American ","0 ","0.0 ","0.1","0150711","201314"
"8135","White ","25 ","83.3 ","74.0","0150711","201314"
"3136","American Indian or Alaska ","1 ","2.9 ","0.4","0150711","201415"
"590","Asian ","0 ","0.0 ","1.7","0150711","201415"
"6136","Black or African American American ","3 ","8.8 ","12.3","0150711","201415"
"7136","Hispanic or Latino ","4 ","11.8 ","10.2","0150711","201415"
"8136","Pacific Islander ","0 ","0.0 ","0.0","0150711","201415"
"990","Two or More Races ","0 ","0.0 ","0.0","0150711","201415"
"1090","White ","26 ","76.5 ","75.4","0150711","201415"
"3137","American Indian or Alaska ","1 ","3.7 ","0.5","0150711","201516"
"591","Asian ","0 ","0.0 ","1.8","0150711","201516"
"6137","Black or African American American ","2 ","7.4 ","11.9","0150711","201516"
"7137","Hispanic or Latino ","2 ","7.4 ","11.0","0150711","201516"
"8137","Pacific Islander ","0 ","0.0 ","0.0","0150711","201516"
"991","Two or More Races ","0 ","0.0 ","0.0","0150711","201516"
"1091","White ","22 ","81.5 ","74.8","0150711","201516"
"3138","Asian ","1 ","6.3 ","1.8","0150811","201314"
"446","Black or African American ","1 ","6.3 ","13.2","0150811","201314"
"6138","Hispanic ","1 ","6.3 ","10.8","0150811","201314"
"7138","Native American ","0 ","0.0 ","0.1","0150811","201314"
"8138","White ","13 ","81.3 ","74.0","0150811","201314"
"3139","American Indian or Alaska ","0 ","0.0 ","0.4","0150811","201415"
"592","Asian ","1 ","3.1 ","1.7","0150811","201415"
"6139","Black or African American American ","3 ","9.4 ","12.3","0150811","201415"
"7139","Hispanic or Latino ","2 ","6.3 ","10.2","0150811","201415"
"8139","Pacific Islander ","0 ","0.0 ","0.0","0150811","201415"
"992","Two or More Races ","0 ","0.0 ","0.0","0150811","201415"
"1092","White ","26 ","81.3 ","75.4","0150811","201415"
"3140","American Indian or Alaska ","1 ","2.6 ","0.5","0150811","201516"
"593","Asian ","0 ","0.0 ","1.8","0150811","201516"
"6140","Black or African American American ","2 ","5.3 ","11.9","0150811","201516"
"7140","Hispanic or Latino ","3 ","7.9 ","11.0","0150811","201516"
"8140","Pacific Islander ","0 ","0.0 ","0.0","0150811","201516"
"993","Two or More Races ","0 ","0.0 ","0.0","0150811","201516"
"1093","White ","32 ","84.2 ","74.8","0150811","201516"
"3141","Asian ","0 ","0.0 ","1.8","0151011","201314"
"447","Black or African American ","5 ","7.7 ","13.2","0151011","201314"
"6141","Hispanic ","13 ","20.0 ","10.8","0151011","201314"
"7141","Native American ","0 ","0.0 ","0.1","0151011","201314"
"8141","White ","47 ","72.3 ","74.0","0151011","201314"
"3142","American Indian or Alaska ","0 ","0.0 ","0.4","0151011","201415"
"594","Asian ","0 ","0.0 ","1.7","0151011","201415"
"6142","Black or African American American ","2 ","3.4 ","12.3","0151011","201415"
"7142","Hispanic or Latino ","10 ","16.9 ","10.2","0151011","201415"
"8142","Pacific Islander ","0 ","0.0 ","0.0","0151011","201415"
"994","Two or More Races ","0 ","0.0 ","0.0","0151011","201415"
"1094","White ","47 ","79.7 ","75.4","0151011","201415"
"3143","American Indian or Alaska ","0 ","0.0 ","0.5","0151011","201516"
"595","Asian ","2 ","3.2 ","1.8","0151011","201516"
"6143","Black or African American American ","1 ","1.6 ","11.9","0151011","201516"
"7143","Hispanic or Latino ","11 ","17.5 ","11.0","0151011","201516"
"8143","Pacific Islander ","0 ","0.0 ","0.0","0151011","201516"
"995","Two or More Races ","0 ","0.0 ","0.0","0151011","201516"
"1095","White ","49 ","77.8 ","74.8","0151011","201516"
"3144","Asian ","0 ","0.0 ","1.8","0151111","201314"
"448","Black or African American ","5 ","17.9 ","13.2","0151111","201314"
"6144","Hispanic ","2 ","7.1 ","10.8","0151111","201314"
"7144","Native American ","0 ","0.0 ","0.1","0151111","201314"
"8144","White ","21 ","75.0 ","74.0","0151111","201314"
"3145","American Indian or Alaska ","0 ","0.0 ","0.4","0151111","201415"
"596","Asian ","0 ","0.0 ","1.7","0151111","201415"
"6145","Black or African American American ","5 ","20.0 ","12.3","0151111","201415"
"7145","Hispanic or Latino ","1 ","4.0 ","10.2","0151111","201415"
"8145","Pacific Islander ","0 ","0.0 ","0.0","0151111","201415"
"996","Two or More Races ","0 ","0.0 ","0.0","0151111","201415"
"1096","White ","19 ","76.0 ","75.4","0151111","201415"
"3146","American Indian or Alaska ","0 ","0.0 ","0.5","0151111","201516"
"597","Asian ","0 ","0.0 ","1.8","0151111","201516"
"6146","Black or African American American ","6 ","23.1 ","11.9","0151111","201516"
"7146","Hispanic or Latino ","1 ","3.8 ","11.0","0151111","201516"
"8146","Pacific Islander ","0 ","0.0 ","0.0","0151111","201516"
"997","Two or More Races ","0 ","0.0 ","0.0","0151111","201516"
"1097","White ","19 ","73.1 ","74.8","0151111","201516"
"3147","Asian ","0 ","0.0 ","1.8","0151211","201314"
"449","Black or African American ","5 ","15.2 ","13.2","0151211","201314"
"6147","Hispanic ","1 ","3.0 ","10.8","0151211","201314"
"7147","Native American ","1 ","3.0 ","0.1","0151211","201314"
"8147","White ","26 ","78.8 ","74.0","0151211","201314"
"3148","American Indian or Alaska ","0 ","0.0 ","0.4","0151211","201415"
"598","Asian ","0 ","0.0 ","1.7","0151211","201415"
"6148","Black or African American American ","6 ","20.0 ","12.3","0151211","201415"
"7148","Hispanic or Latino ","0 ","0.0 ","10.2","0151211","201415"
"8148","Pacific Islander ","0 ","0.0 ","0.0","0151211","201415"
"998","Two or More Races ","0 ","0.0 ","0.0","0151211","201415"
"1098","White ","24 ","80.0 ","75.4","0151211","201415"
"3149","American Indian or Alaska ","0 ","0.0 ","0.5","0151211","201516"
"599","Asian ","0 ","0.0 ","1.8","0151211","201516"
"6149","Black or African American American ","6 ","19.4 ","11.9","0151211","201516"
"7149","Hispanic or Latino ","0 ","0.0 ","11.0","0151211","201516"
"8149","Pacific Islander ","0 ","0.0 ","0.0","0151211","201516"
"999","Two or More Races ","0 ","0.0 ","0.0","0151211","201516"
"1099","White ","25 ","80.6 ","74.8","0151211","201516"
"3150","Asian ","0 ","0.0 ","1.8","0151311","201314"
"450","Black or African American ","6 ","16.2 ","13.2","0151311","201314"
"6150","Hispanic ","4 ","10.8 ","10.8","0151311","201314"
"7150","Native American ","0 ","0.0 ","0.1","0151311","201314"
"8150","White ","27 ","73.0 ","74.0","0151311","201314"
"3151","American Indian or Alaska ","0 ","0.0 ","0.4","0151311","201415"
"5100","Asian ","0 ","0.0 ","1.7","0151311","201415"
"6151","Black or African American American ","6 ","17.1 ","12.3","0151311","201415"
"7151","Hispanic or Latino ","5 ","14.3 ","10.2","0151311","201415"
"8151","Pacific Islander ","0 ","0.0 ","0.0","0151311","201415"
"9100","Two or More Races ","0 ","0.0 ","0.0","0151311","201415"
"10100","White ","24 ","68.6 ","75.4","0151311","201415"
"3152","American Indian or Alaska ","0 ","0.0 ","0.5","0151311","201516"
"5101","Asian ","0 ","0.0 ","1.8","0151311","201516"
"6152","Black or African American American ","5 ","14.7 ","11.9","0151311","201516"
"7152","Hispanic or Latino ","4 ","11.8 ","11.0","0151311","201516"
"8152","Pacific Islander ","0 ","0.0 ","0.0","0151311","201516"
"9101","Two or More Races ","0 ","0.0 ","0.0","0151311","201516"
"10101","White ","25 ","73.5 ","74.8","0151311","201516"
"3153","Asian ","1 ","1.3 ","1.8","0151411","201314"
"451","Black or African American ","9 ","11.3 ","13.2","0151411","201314"
"6153","Hispanic ","30 ","37.5 ","10.8","0151411","201314"
"7153","Native American ","0 ","0.0 ","0.1","0151411","201314"
"8153","White ","40 ","50.0 ","74.0","0151411","201314"
"3154","American Indian or Alaska ","1 ","1.2 ","0.4","0151411","201415"
"5102","Asian ","1 ","1.2 ","1.7","0151411","201415"
"6154","Black or African American American ","9 ","10.8 ","12.3","0151411","201415"
"7154","Hispanic or Latino ","30 ","36.1 ","10.2","0151411","201415"
"8154","Pacific Islander ","0 ","0.0 ","0.0","0151411","201415"
"9102","Two or More Races ","0 ","0.0 ","0.0","0151411","201415"
"10102","White ","42 ","50.6 ","75.4","0151411","201415"
"3155","American Indian or Alaska ","1 ","1.3 ","0.5","0151411","201516"
"5103","Asian ","1 ","1.3 ","1.8","0151411","201516"
"6155","Black or African American American ","5 ","6.5 ","11.9","0151411","201516"
"7155","Hispanic or Latino ","29 ","37.7 ","11.0","0151411","201516"
"8155","Pacific Islander ","0 ","0.0 ","0.0","0151411","201516"
"9103","Two or More Races ","0 ","0.0 ","0.0","0151411","201516"
"10103","White ","41 ","53.2 ","74.8","0151411","201516"
"3156","Asian ","1 ","5.6 ","1.8","0151511","201314"
"452","Black or African American ","2 ","11.1 ","13.2","0151511","201314"
"6156","Hispanic ","1 ","5.6 ","10.8","0151511","201314"
"7156","Native American ","0 ","0.0 ","0.1","0151511","201314"
"8156","White ","14 ","77.8 ","74.0","0151511","201314"
"3157","American Indian or Alaska ","0 ","0.0 ","0.4","0151511","201415"
"5104","Asian ","3 ","8.6 ","1.7","0151511","201415"
"6157","Black or African American American ","6 ","17.1 ","12.3","0151511","201415"
"7157","Hispanic or Latino ","2 ","5.7 ","10.2","0151511","201415"
"8157","Pacific Islander ","0 ","0.0 ","0.0","0151511","201415"
"9104","Two or More Races ","0 ","0.0 ","0.0","0151511","201415"
"10104","White ","24 ","68.6 ","75.4","0151511","201415"
"3158","American Indian or Alaska ","0 ","0.0 ","0.5","0151511","201516"
"5105","Asian ","3 ","9.1 ","1.8","0151511","201516"
"6158","Black or African American American ","3 ","9.1 ","11.9","0151511","201516"
"7158","Hispanic or Latino ","2 ","6.1 ","11.0","0151511","201516"
"8158","Pacific Islander ","0 ","0.0 ","0.0","0151511","201516"
"9105","Two or More Races ","0 ","0.0 ","0.0","0151511","201516"
"10105","White ","25 ","75.8 ","74.8","0151511","201516"
"3159","Asian ","0 ","0.0 ","1.8","0151611","201314"
"453","Black or African American ","0 ","0.0 ","13.2","0151611","201314"
"6159","Hispanic ","1 ","10.0 ","10.8","0151611","201314"
"7159","Native American ","0 ","0.0 ","0.1","0151611","201314"
"8159","White ","9 ","90.0 ","74.0","0151611","201314"
"3160","American Indian or Alaska ","0 ","0.0 ","0.4","0151611","201415"
"5106","Asian ","1 ","6.3 ","1.7","0151611","201415"
"6160","Black or African American American ","1 ","6.3 ","12.3","0151611","201415"
"7160","Hispanic or Latino ","1 ","6.3 ","10.2","0151611","201415"
"8160","Pacific Islander ","0 ","0.0 ","0.0","0151611","201415"
"9106","Two or More Races ","0 ","0.0 ","0.0","0151611","201415"
"10106","White ","13 ","81.3 ","75.4","0151611","201415"
"3161","American Indian or Alaska ","0 ","0.0 ","0.5","0151611","201516"
"5107","Asian ","2 ","9.1 ","1.8","0151611","201516"
"6161","Black or African American American ","2 ","9.1 ","11.9","0151611","201516"
"7161","Hispanic or Latino ","1 ","4.5 ","11.0","0151611","201516"
"8161","Pacific Islander ","0 ","0.0 ","0.0","0151611","201516"
"9107","Two or More Races ","0 ","0.0 ","0.0","0151611","201516"
"10107","White ","17 ","77.3 ","74.8","0151611","201516"
"3162","Asian ","1 ","2.5 ","1.8","0151711","201314"
"454","Black or African American ","4 ","10.0 ","13.2","0151711","201314"
"6162","Hispanic ","4 ","10.0 ","10.8","0151711","201314"
"7162","Native American ","0 ","0.0 ","0.1","0151711","201314"
"8162","White ","31 ","77.5 ","74.0","0151711","201314"
"3163","American Indian or Alaska ","0 ","0.0 ","0.4","0151711","201415"
"5108","Asian ","1 ","2.9 ","1.7","0151711","201415"
"6163","Black or African American American ","3 ","8.6 ","12.3","0151711","201415"
"7163","Hispanic or Latino ","3 ","8.6 ","10.2","0151711","201415"
"8163","Pacific Islander ","0 ","0.0 ","0.0","0151711","201415"
"9108","Two or More Races ","0 ","0.0 ","0.0","0151711","201415"
"10108","White ","28 ","80.0 ","75.4","0151711","201415"
"3164","American Indian or Alaska ","0 ","0.0 ","0.5","0151711","201516"
"5109","Asian ","2 ","5.3 ","1.8","0151711","201516"
"6164","Black or African American American ","3 ","7.9 ","11.9","0151711","201516"
"7164","Hispanic or Latino ","5 ","13.2 ","11.0","0151711","201516"
"8164","Pacific Islander ","0 ","0.0 ","0.0","0151711","201516"
"9109","Two or More Races ","0 ","0.0 ","0.0","0151711","201516"
"10109","White ","28 ","73.7 ","74.8","0151711","201516"
"3165","Asian ","0 ","0.0 ","1.8","0152011","201314"
"455","Black or African American ","2 ","4.5 ","13.2","0152011","201314"
"6165","Hispanic ","1 ","2.3 ","10.8","0152011","201314"
"7165","Native American ","0 ","0.0 ","0.1","0152011","201314"
"8165","White ","41 ","93.2 ","74.0","0152011","201314"
"3166","American Indian or Alaska ","0 ","0.0 ","0.4","0152011","201415"
"5110","Asian ","1 ","2.4 ","1.7","0152011","201415"
"6166","Black or African American American ","2 ","4.8 ","12.3","0152011","201415"
"7166","Hispanic or Latino ","2 ","4.8 ","10.2","0152011","201415"
"8166","Pacific Islander ","0 ","0.0 ","0.0","0152011","201415"
"9110","Two or More Races ","0 ","0.0 ","0.0","0152011","201415"
"10110","White ","37 ","88.1 ","75.4","0152011","201415"
"3167","American Indian or Alaska ","0 ","0.0 ","0.5","0152011","201516"
"5111","Asian ","1 ","2.4 ","1.8","0152011","201516"
"6167","Black or African American American ","2 ","4.8 ","11.9","0152011","201516"
"7167","Hispanic or Latino ","3 ","7.1 ","11.0","0152011","201516"
"8167","Pacific Islander ","0 ","0.0 ","0.0","0152011","201516"
"9111","Two or More Races ","0 ","0.0 ","0.0","0152011","201516"
"10111","White ","36 ","85.7 ","74.8","0152011","201516"
"3168","Asian ","0 ","0.0 ","1.8","0152111","201314"
"456","Black or African American ","10 ","29.4 ","13.2","0152111","201314"
"6168","Hispanic ","4 ","11.8 ","10.8","0152111","201314"
"7168","Native American ","0 ","0.0 ","0.1","0152111","201314"
"8168","White ","20 ","58.8 ","74.0","0152111","201314"
"3169","American Indian or Alaska ","0 ","0.0 ","0.4","0152111","201415"
"5112","Asian ","0 ","0.0 ","1.7","0152111","201415"
"6169","Black or African American American ","11 ","32.4 ","12.3","0152111","201415"
"7169","Hispanic or Latino ","1 ","2.9 ","10.2","0152111","201415"
"8169","Pacific Islander ","0 ","0.0 ","0.0","0152111","201415"
"9112","Two or More Races ","0 ","0.0 ","0.0","0152111","201415"
"10112","White ","22 ","64.7 ","75.4","0152111","201415"
"3170","American Indian or Alaska ","0 ","0.0 ","0.5","0152111","201516"
"5113","Asian ","0 ","0.0 ","1.8","0152111","201516"
"6170","Black or African American American ","9 ","25.7 ","11.9","0152111","201516"
"7170","Hispanic or Latino ","1 ","2.9 ","11.0","0152111","201516"
"8170","Pacific Islander ","0 ","0.0 ","0.0","0152111","201516"
"9113","Two or More Races ","0 ","0.0 ","0.0","0152111","201516"
"10113","White ","25 ","71.4 ","74.8","0152111","201516"
"3171","Asian ","0 ","0.0 ","1.8","0152211","201314"
"457","Black or African American ","11 ","19.0 ","13.2","0152211","201314"
"6171","Hispanic ","7 ","12.1 ","10.8","0152211","201314"
"7171","Native American ","0 ","0.0 ","0.1","0152211","201314"
"8171","White ","40 ","69.0 ","74.0","0152211","201314"
"3172","American Indian or Alaska ","0 ","0.0 ","0.4","0152211","201415"
"5114","Asian ","0 ","0.0 ","1.7","0152211","201415"
"6172","Black or African American American ","9 ","15.5 ","12.3","0152211","201415"
"7172","Hispanic or Latino ","3 ","5.2 ","10.2","0152211","201415"
"8172","Pacific Islander ","0 ","0.0 ","0.0","0152211","201415"
"9114","Two or More Races ","0 ","0.0 ","0.0","0152211","201415"
"10114","White ","46 ","79.3 ","75.4","0152211","201415"
"3173","American Indian or Alaska ","0 ","0.0 ","0.5","0152211","201516"
"5115","Asian ","0 ","0.0 ","1.8","0152211","201516"
"6173","Black or African American American ","8 ","13.3 ","11.9","0152211","201516"
"7173","Hispanic or Latino ","5 ","8.3 ","11.0","0152211","201516"
"8173","Pacific Islander ","0 ","0.0 ","0.0","0152211","201516"
"9115","Two or More Races ","0 ","0.0 ","0.0","0152211","201516"
"10115","White ","47 ","78.3 ","74.8","0152211","201516"
"3174","Asian ","0 ","0.0 ","1.8","0152511","201314"
"458","Black or African American ","8 ","13.8 ","13.2","0152511","201314"
"6174","Hispanic ","3 ","5.2 ","10.8","0152511","201314"
"7174","Native American ","0 ","0.0 ","0.1","0152511","201314"
"8174","White ","47 ","81.0 ","74.0","0152511","201314"
"3175","American Indian or Alaska ","0 ","0.0 ","0.4","0152511","201415"
"5116","Asian ","1 ","1.6 ","1.7","0152511","201415"
"6175","Black or African American American ","8 ","12.9 ","12.3","0152511","201415"
"7175","Hispanic or Latino ","3 ","4.8 ","10.2","0152511","201415"
"8175","Pacific Islander ","0 ","0.0 ","0.0","0152511","201415"
"9116","Two or More Races ","0 ","0.0 ","0.0","0152511","201415"
"10116","White ","50 ","80.6 ","75.4","0152511","201415"
"3176","American Indian or Alaska ","0 ","0.0 ","0.5","0152511","201516"
"5117","Asian ","1 ","1.6 ","1.8","0152511","201516"
"6176","Black or African American American ","9 ","14.8 ","11.9","0152511","201516"
"7176","Hispanic or Latino ","4 ","6.6 ","11.0","0152511","201516"
"8176","Pacific Islander ","0 ","0.0 ","0.0","0152511","201516"
"9117","Two or More Races ","0 ","0.0 ","0.0","0152511","201516"
"10117","White ","47 ","77.0 ","74.8","0152511","201516"
"3177","Asian ","1 ","2.0 ","1.8","0152611","201314"
"459","Black or African American ","5 ","10.0 ","13.2","0152611","201314"
"6177","Hispanic ","6 ","12.0 ","10.8","0152611","201314"
"7177","Native American ","0 ","0.0 ","0.1","0152611","201314"
"8177","White ","38 ","76.0 ","74.0","0152611","201314"
"3178","American Indian or Alaska ","0 ","0.0 ","0.4","0152611","201415"
"5118","Asian ","0 ","0.0 ","1.7","0152611","201415"
"6178","Black or African American American ","5 ","10.9 ","12.3","0152611","201415"
"7178","Hispanic or Latino ","7 ","15.2 ","10.2","0152611","201415"
"8178","Pacific Islander ","0 ","0.0 ","0.0","0152611","201415"
"9118","Two or More Races ","0 ","0.0 ","0.0","0152611","201415"
"10118","White ","34 ","73.9 ","75.4","0152611","201415"
"3179","American Indian or Alaska ","0 ","0.0 ","0.5","0152611","201516"
"5119","Asian ","0 ","0.0 ","1.8","0152611","201516"
"6179","Black or African American American ","2 ","4.4 ","11.9","0152611","201516"
"7179","Hispanic or Latino ","9 ","20.0 ","11.0","0152611","201516"
"8179","Pacific Islander ","0 ","0.0 ","0.0","0152611","201516"
"9119","Two or More Races ","0 ","0.0 ","0.0","0152611","201516"
"10119","White ","34 ","75.6 ","74.8","0152611","201516"
"3180","Asian ","2 ","5.3 ","1.8","0153011","201314"
"460","Black or African American ","3 ","7.9 ","13.2","0153011","201314"
"6180","Hispanic ","7 ","18.4 ","10.8","0153011","201314"
"7180","Native American ","0 ","0.0 ","0.1","0153011","201314"
"8180","White ","26 ","68.4 ","74.0","0153011","201314"
"3181","American Indian or Alaska ","0 ","0.0 ","0.4","0153011","201415"
"5120","Asian ","2 ","4.2 ","1.7","0153011","201415"
"6181","Black or African American American ","3 ","6.3 ","12.3","0153011","201415"
"7181","Hispanic or Latino ","10 ","20.8 ","10.2","0153011","201415"
"8181","Pacific Islander ","0 ","0.0 ","0.0","0153011","201415"
"9120","Two or More Races ","0 ","0.0 ","0.0","0153011","201415"
"10120","White ","33 ","68.8 ","75.4","0153011","201415"
"3182","American Indian or Alaska ","0 ","0.0 ","0.5","0153011","201516"
"5121","Asian ","2 ","4.2 ","1.8","0153011","201516"
"6182","Black or African American American ","4 ","8.3 ","11.9","0153011","201516"
"7182","Hispanic or Latino ","10 ","20.8 ","11.0","0153011","201516"
"8182","Pacific Islander ","0 ","0.0 ","0.0","0153011","201516"
"9121","Two or More Races ","0 ","0.0 ","0.0","0153011","201516"
"10121","White ","32 ","66.7 ","74.8","0153011","201516"
"3183","Asian ","4 ","6.5 ","1.8","0153211","201314"
"461","Black or African American ","6 ","9.7 ","13.2","0153211","201314"
"6183","Hispanic ","2 ","3.2 ","10.8","0153211","201314"
"7183","Native American ","0 ","0.0 ","0.1","0153211","201314"
"8183","White ","50 ","80.6 ","74.0","0153211","201314"
"3184","American Indian or Alaska ","0 ","0.0 ","0.4","0153211","201415"
"5122","Asian ","3 ","4.8 ","1.7","0153211","201415"
"6184","Black or African American American ","9 ","14.5 ","12.3","0153211","201415"
"7184","Hispanic or Latino ","1 ","1.6 ","10.2","0153211","201415"
"8184","Pacific Islander ","0 ","0.0 ","0.0","0153211","201415"
"9122","Two or More Races ","0 ","0.0 ","0.0","0153211","201415"
"10122","White ","49 ","79.0 ","75.4","0153211","201415"
"3185","American Indian or Alaska ","0 ","0.0 ","0.5","0153211","201516"
"5123","Asian ","3 ","5.0 ","1.8","0153211","201516"
"6185","Black or African American American ","6 ","10.0 ","11.9","0153211","201516"
"7185","Hispanic or Latino ","2 ","3.3 ","11.0","0153211","201516"
"8185","Pacific Islander ","0 ","0.0 ","0.0","0153211","201516"
"9123","Two or More Races ","0 ","0.0 ","0.0","0153211","201516"
"10123","White ","49 ","81.7 ","74.8","0153211","201516"
"3186","Asian ","1 ","2.0 ","1.8","0153611","201314"
"462","Black or African American ","9 ","18.4 ","13.2","0153611","201314"
"6186","Hispanic ","2 ","4.1 ","10.8","0153611","201314"
"7186","Native American ","0 ","0.0 ","0.1","0153611","201314"
"8186","White ","37 ","75.5 ","74.0","0153611","201314"
"3187","American Indian or Alaska ","0 ","0.0 ","0.4","0153611","201415"
"5124","Asian ","1 ","2.0 ","1.7","0153611","201415"
"6187","Black or African American American ","10 ","19.6 ","12.3","0153611","201415"
"7187","Hispanic or Latino ","1 ","2.0 ","10.2","0153611","201415"
"8187","Pacific Islander ","0 ","0.0 ","0.0","0153611","201415"
"9124","Two or More Races ","0 ","0.0 ","0.0","0153611","201415"
"10124","White ","39 ","76.5 ","75.4","0153611","201415"
"3188","American Indian or Alaska ","0 ","0.0 ","0.5","0153611","201516"
"5125","Asian ","1 ","2.0 ","1.8","0153611","201516"
"6188","Black or African American American ","10 ","19.6 ","11.9","0153611","201516"
"7188","Hispanic or Latino ","1 ","2.0 ","11.0","0153611","201516"
"8188","Pacific Islander ","0 ","0.0 ","0.0","0153611","201516"
"9125","Two or More Races ","0 ","0.0 ","0.0","0153611","201516"
"10125","White ","39 ","76.5 ","74.8","0153611","201516"
"3189","Asian ","2 ","5.1 ","1.8","0153711","201314"
"463","Black or African American ","7 ","17.9 ","13.2","0153711","201314"
"6189","Hispanic ","2 ","5.1 ","10.8","0153711","201314"
"7189","Native American ","0 ","0.0 ","0.1","0153711","201314"
"8189","White ","28 ","71.8 ","74.0","0153711","201314"
"3190","American Indian or Alaska ","1 ","2.5 ","0.4","0153711","201415"
"5126","Asian ","1 ","2.5 ","1.7","0153711","201415"
"6190","Black or African American American ","5 ","12.5 ","12.3","0153711","201415"
"7190","Hispanic or Latino ","2 ","5.0 ","10.2","0153711","201415"
"8190","Pacific Islander ","0 ","0.0 ","0.0","0153711","201415"
"9126","Two or More Races ","0 ","0.0 ","0.0","0153711","201415"
"10126","White ","31 ","77.5 ","75.4","0153711","201415"
"3191","American Indian or Alaska ","1 ","2.4 ","0.5","0153711","201516"
"5127","Asian ","0 ","0.0 ","1.8","0153711","201516"
"6191","Black or African American American ","5 ","12.2 ","11.9","0153711","201516"
"7191","Hispanic or Latino ","2 ","4.9 ","11.0","0153711","201516"
"8191","Pacific Islander ","0 ","0.0 ","0.0","0153711","201516"
"9127","Two or More Races ","0 ","0.0 ","0.0","0153711","201516"
"10127","White ","33 ","80.5 ","74.8","0153711","201516"
"3192","Asian ","0 ","0.0 ","1.8","0153911","201314"
"464","Black or African American ","10 ","25.6 ","13.2","0153911","201314"
"6192","Hispanic ","1 ","2.6 ","10.8","0153911","201314"
"7192","Native American ","0 ","0.0 ","0.1","0153911","201314"
"8192","White ","28 ","71.8 ","74.0","0153911","201314"
"3193","American Indian or Alaska ","0 ","0.0 ","0.4","0153911","201415"
"5128","Asian ","0 ","0.0 ","1.7","0153911","201415"
"6193","Black or African American American ","11 ","28.9 ","12.3","0153911","201415"
"7193","Hispanic or Latino ","1 ","2.6 ","10.2","0153911","201415"
"8193","Pacific Islander ","0 ","0.0 ","0.0","0153911","201415"
"9128","Two or More Races ","0 ","0.0 ","0.0","0153911","201415"
"10128","White ","26 ","68.4 ","75.4","0153911","201415"
"3194","American Indian or Alaska ","0 ","0.0 ","0.5","0153911","201516"
"5129","Asian ","0 ","0.0 ","1.8","0153911","201516"
"6194","Black or African American American ","13 ","34.2 ","11.9","0153911","201516"
"7194","Hispanic or Latino ","1 ","2.6 ","11.0","0153911","201516"
"8194","Pacific Islander ","0 ","0.0 ","0.0","0153911","201516"
"9129","Two or More Races ","0 ","0.0 ","0.0","0153911","201516"
"10129","White ","24 ","63.2 ","74.8","0153911","201516"
"3195","Asian ","1 ","1.3 ","1.8","0154011","201314"
"465","Black or African American ","3 ","4.0 ","13.2","0154011","201314"
"6195","Hispanic ","5 ","6.7 ","10.8","0154011","201314"
"7195","Native American ","0 ","0.0 ","0.1","0154011","201314"
"8195","White ","66 ","88.0 ","74.0","0154011","201314"
"3196","American Indian or Alaska ","0 ","0.0 ","0.4","0154011","201415"
"5130","Asian ","2 ","2.6 ","1.7","0154011","201415"
"6196","Black or African American American ","5 ","6.4 ","12.3","0154011","201415"
"7196","Hispanic or Latino ","5 ","6.4 ","10.2","0154011","201415"
"8196","Pacific Islander ","0 ","0.0 ","0.0","0154011","201415"
"9130","Two or More Races ","0 ","0.0 ","0.0","0154011","201415"
"10130","White ","66 ","84.6 ","75.4","0154011","201415"
"3197","American Indian or Alaska ","0 ","0.0 ","0.5","0154011","201516"
"5131","Asian ","1 ","1.3 ","1.8","0154011","201516"
"6197","Black or African American American ","5 ","6.6 ","11.9","0154011","201516"
"7197","Hispanic or Latino ","5 ","6.6 ","11.0","0154011","201516"
"8197","Pacific Islander ","0 ","0.0 ","0.0","0154011","201516"
"9131","Two or More Races ","0 ","0.0 ","0.0","0154011","201516"
"10131","White ","65 ","85.5 ","74.8","0154011","201516"
"3198","Asian ","1 ","4.2 ","1.8","0154111","201314"
"466","Black or African American ","7 ","29.2 ","13.2","0154111","201314"
"6198","Hispanic ","0 ","0.0 ","10.8","0154111","201314"
"7198","Native American ","0 ","0.0 ","0.1","0154111","201314"
"8198","White ","16 ","66.7 ","74.0","0154111","201314"
"3199","American Indian or Alaska ","0 ","0.0 ","0.4","0154111","201415"
"5132","Asian ","0 ","0.0 ","1.7","0154111","201415"
"6199","Black or African American American ","5 ","15.2 ","12.3","0154111","201415"
"7199","Hispanic or Latino ","2 ","6.1 ","10.2","0154111","201415"
"8199","Pacific Islander ","0 ","0.0 ","0.0","0154111","201415"
"9132","Two or More Races ","0 ","0.0 ","0.0","0154111","201415"
"10132","White ","26 ","78.8 ","75.4","0154111","201415"
"3200","American Indian or Alaska ","0 ","0.0 ","0.5","0154111","201516"
"5133","Asian ","0 ","0.0 ","1.8","0154111","201516"
"6200","Black or African American American ","7 ","20.6 ","11.9","0154111","201516"
"7200","Hispanic or Latino ","4 ","11.8 ","11.0","0154111","201516"
"8200","Pacific Islander ","0 ","0.0 ","0.0","0154111","201516"
"9133","Two or More Races ","0 ","0.0 ","0.0","0154111","201516"
"10133","White ","23 ","67.6 ","74.8","0154111","201516"
"3201","Asian ","2 ","3.2 ","1.8","0154211","201314"
"467","Black or African American ","11 ","17.7 ","13.2","0154211","201314"
"6201","Hispanic ","7 ","11.3 ","10.8","0154211","201314"
"7201","Native American ","0 ","0.0 ","0.1","0154211","201314"
"8201","White ","42 ","67.7 ","74.0","0154211","201314"
"3202","American Indian or Alaska ","1 ","1.8 ","0.4","0154211","201415"
"5134","Asian ","1 ","1.8 ","1.7","0154211","201415"
"6202","Black or African American American ","9 ","16.1 ","12.3","0154211","201415"
"7202","Hispanic or Latino ","4 ","7.1 ","10.2","0154211","201415"
"8202","Pacific Islander ","0 ","0.0 ","0.0","0154211","201415"
"9134","Two or More Races ","0 ","0.0 ","0.0","0154211","201415"
"10134","White ","41 ","73.2 ","75.4","0154211","201415"
"3203","American Indian or Alaska ","0 ","0.0 ","0.5","0154211","201516"
"5135","Asian ","1 ","1.8 ","1.8","0154211","201516"
"6203","Black or African American American ","8 ","14.0 ","11.9","0154211","201516"
"7203","Hispanic or Latino ","5 ","8.8 ","11.0","0154211","201516"
"8203","Pacific Islander ","0 ","0.0 ","0.0","0154211","201516"
"9135","Two or More Races ","0 ","0.0 ","0.0","0154211","201516"
"10135","White ","43 ","75.4 ","74.8","0154211","201516"
"3204","Asian ","1 ","3.4 ","1.8","0154411","201314"
"468","Black or African American ","1 ","3.4 ","13.2","0154411","201314"
"6204","Hispanic ","7 ","24.1 ","10.8","0154411","201314"
"7204","Native American ","0 ","0.0 ","0.1","0154411","201314"
"8204","White ","20 ","69.0 ","74.0","0154411","201314"
"3205","American Indian or Alaska ","1 ","3.1 ","0.4","0154411","201415"
"5136","Asian ","0 ","0.0 ","1.7","0154411","201415"
"6205","Black or African American American ","1 ","3.1 ","12.3","0154411","201415"
"7205","Hispanic or Latino ","4 ","12.5 ","10.2","0154411","201415"
"8205","Pacific Islander ","0 ","0.0 ","0.0","0154411","201415"
"9136","Two or More Races ","0 ","0.0 ","0.0","0154411","201415"
"10136","White ","26 ","81.3 ","75.4","0154411","201415"
